Project Name,Package Name,Type Name,Method Name,LOC,CC,PC,Line no,IsTest,Main prod class tested,Production classes tested
imp,com.tagtraum.perf.gcviewer.imp,AbstractDataReaderSun,AbstractDataReaderSun,4,1,3,57,0,,
imp,com.tagtraum.perf.gcviewer.imp,AbstractDataReaderSun,getMemoryInKiloByte,3,1,3,70,0,,
imp,com.tagtraum.perf.gcviewer.imp,AbstractDataReaderSun,setMemoryAndPauses,3,1,2,82,0,com.tagtraum.perf.gcviewer.imp.AbstractDataReaderSun,com.tagtraum.perf.gcviewer.imp.AbstractDataReaderSun
imp,com.tagtraum.perf.gcviewer.imp,AbstractDataReaderSun,setMemoryAndPauses,4,1,3,94,0,com.tagtraum.perf.gcviewer.imp.AbstractDataReaderSun,com.tagtraum.perf.gcviewer.imp.AbstractDataReaderSun
imp,com.tagtraum.perf.gcviewer.imp,AbstractDataReaderSun,setMemoryExtended,39,7,3,107,0,com.tagtraum.perf.gcviewer.imp.AbstractDataReaderSun,com.tagtraum.perf.gcviewer.imp.AbstractDataReaderSun
imp,com.tagtraum.perf.gcviewer.imp,AbstractDataReaderSun,isNumberCharacter,3,1,1,177,0,,
imp,com.tagtraum.perf.gcviewer.imp,AbstractDataReaderSun,setMemory,23,7,3,183,0,com.tagtraum.perf.gcviewer.imp.AbstractDataReaderSun,com.tagtraum.perf.gcviewer.imp.AbstractDataReaderSun
imp,com.tagtraum.perf.gcviewer.imp,AbstractDataReaderSun,parsePause,16,4,2,213,0,com.tagtraum.perf.gcviewer.imp.AbstractDataReaderSun,com.tagtraum.perf.gcviewer.imp.AbstractDataReaderSun
imp,com.tagtraum.perf.gcviewer.imp,AbstractDataReaderSun,hasNextDetail,4,1,2,242,0,com.tagtraum.perf.gcviewer.imp.AbstractDataReaderSun,com.tagtraum.perf.gcviewer.imp.AbstractDataReaderSun
imp,com.tagtraum.perf.gcviewer.imp,AbstractDataReaderSun,nextCharIsBracket,4,1,2,249,0,com.tagtraum.perf.gcviewer.imp.AbstractDataReaderSun,com.tagtraum.perf.gcviewer.imp.AbstractDataReaderSun
imp,com.tagtraum.perf.gcviewer.imp,AbstractDataReaderSun,parseTypeString,37,12,2,255,0,,
imp,com.tagtraum.perf.gcviewer.imp,AbstractDataReaderSun,parseGcId,20,8,2,304,0,,
imp,com.tagtraum.perf.gcviewer.imp,AbstractDataReaderSun,parseType,4,1,2,333,0,com.tagtraum.perf.gcviewer.imp.AbstractDataReaderSun,com.tagtraum.perf.gcviewer.imp.AbstractDataReaderSun
imp,com.tagtraum.perf.gcviewer.imp,AbstractDataReaderSun,extractTypeFromParsedString,3,1,1,339,0,,
imp,com.tagtraum.perf.gcviewer.imp,AbstractDataReaderSun,nextIsTimestamp,28,6,2,343,0,,
imp,com.tagtraum.perf.gcviewer.imp,AbstractDataReaderSun,parseTimestamp,7,2,2,393,0,,
imp,com.tagtraum.perf.gcviewer.imp,AbstractDataReaderSun,getTimestamp,10,3,3,411,0,com.tagtraum.perf.gcviewer.imp.AbstractDataReaderSun,com.tagtraum.perf.gcviewer.imp.AbstractDataReaderSun
imp,com.tagtraum.perf.gcviewer.imp,AbstractDataReaderSun,parseLine,0,1,2,435,0,,
imp,com.tagtraum.perf.gcviewer.imp,AbstractDataReaderSun,startsWith,9,3,3,437,0,,
imp,com.tagtraum.perf.gcviewer.imp,AbstractDataReaderSun,contains,4,1,3,459,0,,
imp,com.tagtraum.perf.gcviewer.imp,AbstractDataReaderSun,parseDatestamp,16,3,2,477,0,com.tagtraum.perf.gcviewer.imp.AbstractDataReaderSun,com.tagtraum.perf.gcviewer.imp.AbstractDataReaderSun
imp,com.tagtraum.perf.gcviewer.imp,AbstractDataReaderSun,nextIsDatestamp,6,2,2,503,0,,
imp,com.tagtraum.perf.gcviewer.imp,AbstractDataReaderSun,parseDetailEventsIfExist,49,8,3,518,0,com.tagtraum.perf.gcviewer.imp.AbstractDataReaderSun,com.tagtraum.perf.gcviewer.imp.AbstractDataReaderSun
imp,com.tagtraum.perf.gcviewer.imp,AbstractDataReaderSun,nextIsPromotionFailed,11,3,2,584,0,,
imp,com.tagtraum.perf.gcviewer.imp,AbstractDataReaderSun,skipLines,27,6,3,598,0,com.tagtraum.perf.gcviewer.imp.AbstractDataReaderSun,com.tagtraum.perf.gcviewer.imp.AbstractDataReaderSun
imp,com.tagtraum.perf.gcviewer.imp,AbstractDataReaderSun,skipUntilEndOfDetail,4,2,3,642,0,,
imp,com.tagtraum.perf.gcviewer.imp,AbstractDataReaderSun,skipUntilEndOfDetail,18,4,3,655,0,,
imp,com.tagtraum.perf.gcviewer.imp,AbstractDataReaderSun,skipUntilNextDigit,11,3,2,686,0,,
imp,com.tagtraum.perf.gcviewer.imp,AbstractDataReaderSun,skipBlanksAndCommas,10,3,2,701,0,,
imp,com.tagtraum.perf.gcviewer.imp,DataReaderFacade,addPropertyChangeListener,3,1,1,34,0,,
imp,com.tagtraum.perf.gcviewer.imp,DataReaderFacade,loadModel,24,5,1,43,0,com.tagtraum.perf.gcviewer.imp.DataReaderFacade,com.tagtraum.perf.gcviewer.imp.DataReaderFacade
imp,com.tagtraum.perf.gcviewer.imp,DataReaderFacade,loadModelFromSeries,4,1,1,83,0,,
imp,com.tagtraum.perf.gcviewer.imp,DataReaderFacade,readModel,43,7,1,95,0,,
imp,com.tagtraum.perf.gcviewer.imp,DataReaderException,DataReaderException,3,1,0,12,0,,
imp,com.tagtraum.perf.gcviewer.imp,DataReaderException,DataReaderException,3,1,2,16,0,,
imp,com.tagtraum.perf.gcviewer.imp,DataReaderException,DataReaderException,3,1,1,20,0,,
imp,com.tagtraum.perf.gcviewer.imp,DataReaderException,DataReaderException,3,1,1,24,0,,
imp,com.tagtraum.perf.gcviewer.imp,IBMJ9SAXHandler,IBMJ9SAXHandler,4,1,2,41,0,,
imp,com.tagtraum.perf.gcviewer.imp,IBMJ9SAXHandler,getLogger,3,1,0,46,0,,
imp,com.tagtraum.perf.gcviewer.imp,IBMJ9SAXHandler,parseTime,12,2,1,50,0,com.tagtraum.perf.gcviewer.imp.IBMJ9SAXHandler,com.tagtraum.perf.gcviewer.imp.IBMJ9SAXHandler
imp,com.tagtraum.perf.gcviewer.imp,IBMJ9SAXHandler,parseLongAttribute,7,2,2,64,0,,
imp,com.tagtraum.perf.gcviewer.imp,IBMJ9SAXHandler,startElement,11,1,4,73,0,com.tagtraum.perf.gcviewer.imp.IBMJ9SAXHandler,com.tagtraum.perf.gcviewer.imp.IBMJ9SAXHandler
imp,com.tagtraum.perf.gcviewer.imp,IBMJ9SAXHandler,handleAFElement,0,9,2,83,0,com.tagtraum.perf.gcviewer.imp.IBMJ9SAXHandler,com.tagtraum.perf.gcviewer.imp.IBMJ9SAXHandler
imp,com.tagtraum.perf.gcviewer.imp,IBMJ9SAXHandler,handleAFStart,14,2,1,113,0,com.tagtraum.perf.gcviewer.imp.IBMJ9SAXHandler,com.tagtraum.perf.gcviewer.imp.IBMJ9SAXHandler
imp,com.tagtraum.perf.gcviewer.imp,IBMJ9SAXHandler,handleTimeElement,6,2,1,128,0,,
imp,com.tagtraum.perf.gcviewer.imp,IBMJ9SAXHandler,handleGCElement,3,1,1,135,0,,
imp,com.tagtraum.perf.gcviewer.imp,IBMJ9SAXHandler,handleTimesmsElement,8,2,1,139,0,,
imp,com.tagtraum.perf.gcviewer.imp,IBMJ9SAXHandler,handleTenuredElement,11,3,1,148,0,com.tagtraum.perf.gcviewer.imp.IBMJ9SAXHandler,com.tagtraum.perf.gcviewer.imp.IBMJ9SAXHandler
imp,com.tagtraum.perf.gcviewer.imp,IBMJ9SAXHandler,handleSOAElement,10,3,1,159,0,com.tagtraum.perf.gcviewer.imp.IBMJ9SAXHandler,com.tagtraum.perf.gcviewer.imp.IBMJ9SAXHandler
imp,com.tagtraum.perf.gcviewer.imp,IBMJ9SAXHandler,handleLOAElement,10,3,1,169,0,com.tagtraum.perf.gcviewer.imp.IBMJ9SAXHandler,com.tagtraum.perf.gcviewer.imp.IBMJ9SAXHandler
imp,com.tagtraum.perf.gcviewer.imp,IBMJ9SAXHandler,handleParseException,17,3,3,179,0,com.tagtraum.perf.gcviewer.imp.IBMJ9SAXHandler,com.tagtraum.perf.gcviewer.imp.IBMJ9SAXHandler
imp,com.tagtraum.perf.gcviewer.imp,IBMJ9SAXHandler,handleNumberFormatException,4,1,2,196,0,com.tagtraum.perf.gcviewer.imp.IBMJ9SAXHandler,com.tagtraum.perf.gcviewer.imp.IBMJ9SAXHandler
imp,com.tagtraum.perf.gcviewer.imp,IBMJ9SAXHandler,endElement,54,11,3,202,0,com.tagtraum.perf.gcviewer.imp.IBMJ9SAXHandler,com.tagtraum.perf.gcviewer.imp.IBMJ9SAXHandler
imp,com.tagtraum.perf.gcviewer.imp,DataReaderSun1_6_0,DataReaderSun1_6_0,3,1,3,270,0,,
imp,com.tagtraum.perf.gcviewer.imp,DataReaderSun1_6_0,read,177,38,0,274,0,com.tagtraum.perf.gcviewer.imp.DataReaderSun1_6_0,com.tagtraum.perf.gcviewer.imp.DataReaderSun1_6_0
imp,com.tagtraum.perf.gcviewer.imp,DataReaderSun1_6_0,skipAndLogToEndOfFile,6,2,2,503,0,,
imp,com.tagtraum.perf.gcviewer.imp,DataReaderSun1_6_0,skipGcCycleDetails,11,4,1,510,0,com.tagtraum.perf.gcviewer.imp.DataReaderSun1_6_0,com.tagtraum.perf.gcviewer.imp.DataReaderSun1_6_0
imp,com.tagtraum.perf.gcviewer.imp,DataReaderSun1_6_0,isPrintHeapAtGcStarting,3,1,1,524,0,,
imp,com.tagtraum.perf.gcviewer.imp,DataReaderSun1_6_0,handleMixedLine,8,2,4,530,0,com.tagtraum.perf.gcviewer.imp.DataReaderSun1_6_0,com.tagtraum.perf.gcviewer.imp.DataReaderSun1_6_0
imp,com.tagtraum.perf.gcviewer.imp,DataReaderSun1_6_0,lineHasPrintFlsStatistics,3,1,1,546,0,,
imp,com.tagtraum.perf.gcviewer.imp,DataReaderSun1_6_0,handlePrintFlsStatistics,39,9,5,553,0,com.tagtraum.perf.gcviewer.imp.DataReaderSun1_6_0,com.tagtraum.perf.gcviewer.imp.DataReaderSun1_6_0
imp,com.tagtraum.perf.gcviewer.imp,DataReaderSun1_6_0,filterAwayReferenceGc,6,1,1,600,0,com.tagtraum.perf.gcviewer.imp.DataReaderSun1_6_0,com.tagtraum.perf.gcviewer.imp.DataReaderSun1_6_0
imp,com.tagtraum.perf.gcviewer.imp,DataReaderSun1_6_0,findEndOfNextEventNameBefore,13,3,2,608,0,,
imp,com.tagtraum.perf.gcviewer.imp,DataReaderSun1_6_0,isMixedLine,4,1,2,626,0,,
imp,com.tagtraum.perf.gcviewer.imp,DataReaderSun1_6_0,isPrintTenuringDistribution,3,1,1,631,0,,
imp,com.tagtraum.perf.gcviewer.imp,DataReaderSun1_6_0,isCmsScavengeBeforeRemark,3,1,1,639,0,,
imp,com.tagtraum.perf.gcviewer.imp,DataReaderSun1_6_0,parseLine,45,8,2,644,0,,
imp,com.tagtraum.perf.gcviewer.imp,DataReaderIBM_J9_R28,DataReaderIBM_J9_R28,4,1,2,50,0,,
imp,com.tagtraum.perf.gcviewer.imp,DataReaderIBM_J9_R28,read,70,20,0,55,0,com.tagtraum.perf.gcviewer.imp.DataReaderIBM_J9_R28,com.tagtraum.perf.gcviewer.imp.DataReaderIBM_J9_R28
imp,com.tagtraum.perf.gcviewer.imp,DataReaderIBM_J9_R28,handleVerboseGC,4,1,1,130,0,com.tagtraum.perf.gcviewer.imp.DataReaderIBM_J9_R28,com.tagtraum.perf.gcviewer.imp.DataReaderIBM_J9_R28
imp,com.tagtraum.perf.gcviewer.imp,DataReaderIBM_J9_R28,handleInitialized,19,6,1,135,0,com.tagtraum.perf.gcviewer.imp.DataReaderIBM_J9_R28,com.tagtraum.perf.gcviewer.imp.DataReaderIBM_J9_R28
imp,com.tagtraum.perf.gcviewer.imp,DataReaderIBM_J9_R28,handleExclusiveStart,11,3,1,155,0,com.tagtraum.perf.gcviewer.imp.DataReaderIBM_J9_R28,com.tagtraum.perf.gcviewer.imp.DataReaderIBM_J9_R28
imp,com.tagtraum.perf.gcviewer.imp,DataReaderIBM_J9_R28,handleExclusiveEnd,3,1,2,170,0,com.tagtraum.perf.gcviewer.imp.DataReaderIBM_J9_R28,com.tagtraum.perf.gcviewer.imp.DataReaderIBM_J9_R28
imp,com.tagtraum.perf.gcviewer.imp,DataReaderIBM_J9_R28,handleSysStart,4,1,2,174,0,com.tagtraum.perf.gcviewer.imp.DataReaderIBM_J9_R28,com.tagtraum.perf.gcviewer.imp.DataReaderIBM_J9_R28
imp,com.tagtraum.perf.gcviewer.imp,DataReaderIBM_J9_R28,handleAfStart,3,1,2,179,0,,
imp,com.tagtraum.perf.gcviewer.imp,DataReaderIBM_J9_R28,handleConcurrentCollectionStart,2,1,2,183,0,,
imp,com.tagtraum.perf.gcviewer.imp,DataReaderIBM_J9_R28,handleGcStart,38,9,4,186,0,com.tagtraum.perf.gcviewer.imp.DataReaderIBM_J9_R28,com.tagtraum.perf.gcviewer.imp.DataReaderIBM_J9_R28
imp,com.tagtraum.perf.gcviewer.imp,DataReaderIBM_J9_R28,handleGcEnd,26,8,2,231,0,com.tagtraum.perf.gcviewer.imp.DataReaderIBM_J9_R28,com.tagtraum.perf.gcviewer.imp.DataReaderIBM_J9_R28
imp,com.tagtraum.perf.gcviewer.imp,DataReaderIBM_J9_R28,setTotalAndPreUsed,5,1,2,260,0,com.tagtraum.perf.gcviewer.imp.DataReaderIBM_J9_R28,com.tagtraum.perf.gcviewer.imp.DataReaderIBM_J9_R28
imp,com.tagtraum.perf.gcviewer.imp,DataReaderIBM_J9_R28,setPostUsed,4,1,2,266,0,com.tagtraum.perf.gcviewer.imp.DataReaderIBM_J9_R28,com.tagtraum.perf.gcviewer.imp.DataReaderIBM_J9_R28
imp,com.tagtraum.perf.gcviewer.imp,DataReaderIBM_J9_R28,getAttributeValue,8,2,2,271,0,,
imp,com.tagtraum.perf.gcviewer.imp,DataReaderIBM_J9_R28,toKiloBytes,3,1,1,281,0,,
imp,com.tagtraum.perf.gcviewer.imp,DataReaderHPUX1_4_1,DataReaderHPUX1_4_1,3,1,2,30,0,,
imp,com.tagtraum.perf.gcviewer.imp,DataReaderHPUX1_4_1,read,72,9,0,34,0,com.tagtraum.perf.gcviewer.imp.DataReaderHPUX1_4_1,com.tagtraum.perf.gcviewer.imp.DataReaderHPUX1_4_1
imp,com.tagtraum.perf.gcviewer.imp,DataReaderHPUX1_4_1,findType,0,6,2,211,0,,
imp,com.tagtraum.perf.gcviewer.imp,DataReader,read,0,1,0,14,0,,
imp,com.tagtraum.perf.gcviewer.imp,DataReaderJRockit1_6_0,DataReaderJRockit1_6_0,3,1,2,25,0,,
imp,com.tagtraum.perf.gcviewer.imp,DataReaderJRockit1_6_0,read,119,33,0,29,0,com.tagtraum.perf.gcviewer.imp.DataReaderJRockit1_6_0,com.tagtraum.perf.gcviewer.imp.DataReaderJRockit1_6_0
imp,com.tagtraum.perf.gcviewer.imp,DataReaderJRockit1_6_0,skipSpaces,7,2,2,187,0,,
imp,com.tagtraum.perf.gcviewer.imp,ParseException,ParseException,3,1,1,18,0,,
imp,com.tagtraum.perf.gcviewer.imp,ParseException,ParseException,4,1,2,22,0,,
imp,com.tagtraum.perf.gcviewer.imp,ParseException,ParseException,5,1,3,27,0,,
imp,com.tagtraum.perf.gcviewer.imp,ParseException,getMessage,6,2,0,33,0,,
imp,com.tagtraum.perf.gcviewer.imp,DataReaderIBM1_3_1,DataReaderIBM1_3_1,3,1,2,29,0,,
imp,com.tagtraum.perf.gcviewer.imp,DataReaderIBM1_3_1,read,0,16,0,33,0,com.tagtraum.perf.gcviewer.imp.DataReaderIBM1_3_1,com.tagtraum.perf.gcviewer.imp.DataReaderIBM1_3_1
imp,com.tagtraum.perf.gcviewer.imp,DataReaderIBM1_3_1,parseGCCycleStart,10,1,1,118,0,,
imp,com.tagtraum.perf.gcviewer.imp,DataReaderIBM1_3_1,parseTimeSinceLastAF,5,1,1,129,0,,
imp,com.tagtraum.perf.gcviewer.imp,DataReaderIBM1_3_1,parsePreUsed,10,1,1,135,0,,
imp,com.tagtraum.perf.gcviewer.imp,DataReaderIBM1_3_1,parsePreUsedAFAction3,6,1,1,149,0,,
imp,com.tagtraum.perf.gcviewer.imp,DataReaderIBM1_3_1,parsePostUsed,6,1,1,157,0,,
imp,com.tagtraum.perf.gcviewer.imp,DataReaderIBM1_3_1,parseTotalAfterGC,5,1,1,165,0,,
imp,com.tagtraum.perf.gcviewer.imp,DataReaderIBM1_3_1,parseTotalAfterHeapExpansion,5,1,1,171,0,,
imp,com.tagtraum.perf.gcviewer.imp,DataReaderIBM1_3_1,parsePause,5,1,1,177,0,,
imp,com.tagtraum.perf.gcviewer.imp,DataReaderUnifiedJvmLogging,DataReaderUnifiedJvmLogging,3,1,2,208,0,,
imp,com.tagtraum.perf.gcviewer.imp,DataReaderUnifiedJvmLogging,read,15,2,0,212,0,,
imp,com.tagtraum.perf.gcviewer.imp,DataReaderUnifiedJvmLogging,parseEvent,18,2,1,237,0,com.tagtraum.perf.gcviewer.imp.DataReaderUnifiedJvmLogging,com.tagtraum.perf.gcviewer.imp.DataReaderUnifiedJvmLogging
imp,com.tagtraum.perf.gcviewer.imp,DataReaderUnifiedJvmLogging,handleTail,0,8,4,257,0,com.tagtraum.perf.gcviewer.imp.DataReaderUnifiedJvmLogging,com.tagtraum.perf.gcviewer.imp.DataReaderUnifiedJvmLogging
imp,com.tagtraum.perf.gcviewer.imp,DataReaderUnifiedJvmLogging,handleTagSafepoint,4,1,3,289,0,,
imp,com.tagtraum.perf.gcviewer.imp,DataReaderUnifiedJvmLogging,handleTagGcStartTail,4,1,2,294,0,,
imp,com.tagtraum.perf.gcviewer.imp,DataReaderUnifiedJvmLogging,handleTagGcPhasesTail,15,3,3,300,0,com.tagtraum.perf.gcviewer.imp.DataReaderUnifiedJvmLogging,com.tagtraum.perf.gcviewer.imp.DataReaderUnifiedJvmLogging
imp,com.tagtraum.perf.gcviewer.imp,DataReaderUnifiedJvmLogging,handleTagGcMetaspaceTail,16,5,3,321,0,com.tagtraum.perf.gcviewer.imp.DataReaderUnifiedJvmLogging,com.tagtraum.perf.gcviewer.imp.DataReaderUnifiedJvmLogging
imp,com.tagtraum.perf.gcviewer.imp,DataReaderUnifiedJvmLogging,handleTagGcTail,20,3,3,349,0,com.tagtraum.perf.gcviewer.imp.DataReaderUnifiedJvmLogging,com.tagtraum.perf.gcviewer.imp.DataReaderUnifiedJvmLogging
imp,com.tagtraum.perf.gcviewer.imp,DataReaderUnifiedJvmLogging,handleTagGcHeapTail,11,2,3,371,0,com.tagtraum.perf.gcviewer.imp.DataReaderUnifiedJvmLogging,com.tagtraum.perf.gcviewer.imp.DataReaderUnifiedJvmLogging
imp,com.tagtraum.perf.gcviewer.imp,DataReaderUnifiedJvmLogging,updateEventDetails,14,3,2,385,0,,
imp,com.tagtraum.perf.gcviewer.imp,DataReaderUnifiedJvmLogging,parseTail,24,8,3,398,0,com.tagtraum.perf.gcviewer.imp.DataReaderUnifiedJvmLogging,com.tagtraum.perf.gcviewer.imp.DataReaderUnifiedJvmLogging
imp,com.tagtraum.perf.gcviewer.imp,DataReaderUnifiedJvmLogging,parseGcTail,5,2,2,418,0,,
imp,com.tagtraum.perf.gcviewer.imp,DataReaderUnifiedJvmLogging,parseGcMemoryTail,9,2,3,424,0,com.tagtraum.perf.gcviewer.imp.DataReaderUnifiedJvmLogging,com.tagtraum.perf.gcviewer.imp.DataReaderUnifiedJvmLogging
imp,com.tagtraum.perf.gcviewer.imp,DataReaderUnifiedJvmLogging,parseGcMemoryPauseTail,12,3,3,433,0,com.tagtraum.perf.gcviewer.imp.DataReaderUnifiedJvmLogging,com.tagtraum.perf.gcviewer.imp.DataReaderUnifiedJvmLogging
imp,com.tagtraum.perf.gcviewer.imp,DataReaderUnifiedJvmLogging,parseGcPauseTail,11,3,3,446,0,com.tagtraum.perf.gcviewer.imp.DataReaderUnifiedJvmLogging,com.tagtraum.perf.gcviewer.imp.DataReaderUnifiedJvmLogging
imp,com.tagtraum.perf.gcviewer.imp,DataReaderUnifiedJvmLogging,parseGcRegionTail,14,3,3,463,0,,
imp,com.tagtraum.perf.gcviewer.imp,DataReaderUnifiedJvmLogging,parseGcMemoryPercentageTail,9,2,3,482,0,com.tagtraum.perf.gcviewer.imp.DataReaderUnifiedJvmLogging,com.tagtraum.perf.gcviewer.imp.DataReaderUnifiedJvmLogging
imp,com.tagtraum.perf.gcviewer.imp,DataReaderUnifiedJvmLogging,parseGcHeapMemoryPercentageTail,9,2,3,494,0,com.tagtraum.perf.gcviewer.imp.DataReaderUnifiedJvmLogging,com.tagtraum.perf.gcviewer.imp.DataReaderUnifiedJvmLogging
imp,com.tagtraum.perf.gcviewer.imp,DataReaderUnifiedJvmLogging,createGcEventWithStandardDecorators,17,3,2,505,0,com.tagtraum.perf.gcviewer.imp.DataReaderUnifiedJvmLogging,com.tagtraum.perf.gcviewer.imp.DataReaderUnifiedJvmLogging
imp,com.tagtraum.perf.gcviewer.imp,DataReaderUnifiedJvmLogging,createGcEvent,13,3,1,530,0,,
imp,com.tagtraum.perf.gcviewer.imp,DataReaderUnifiedJvmLogging,setPause,5,2,2,542,0,,
imp,com.tagtraum.perf.gcviewer.imp,DataReaderUnifiedJvmLogging,hasMemory,3,1,1,549,0,,
imp,com.tagtraum.perf.gcviewer.imp,DataReaderUnifiedJvmLogging,setMemory,5,1,2,553,0,,
imp,com.tagtraum.perf.gcviewer.imp,DataReaderUnifiedJvmLogging,setMemoryHeapWithPercentage,3,1,2,563,0,,
imp,com.tagtraum.perf.gcviewer.imp,DataReaderUnifiedJvmLogging,setMemoryWithPercentage,7,2,2,568,0,,
imp,com.tagtraum.perf.gcviewer.imp,DataReaderUnifiedJvmLogging,setDateStampIfPresent,5,2,2,579,0,,
imp,com.tagtraum.perf.gcviewer.imp,DataReaderUnifiedJvmLogging,setTimeStampIfPresent,9,3,3,586,0,,
imp,com.tagtraum.perf.gcviewer.imp,DataReaderUnifiedJvmLogging,isExcludedLine,3,1,1,596,0,,
imp,com.tagtraum.perf.gcviewer.imp,DataReaderUnifiedJvmLogging,isCandidateForParseableEvent,3,1,1,600,0,,
imp,com.tagtraum.perf.gcviewer.imp,DataReaderUnifiedJvmLogging,isLogOnlyLine,3,1,1,604,0,,
imp,com.tagtraum.perf.gcviewer.imp,DataReaderUnifiedJvmLogging,lineContainsParseableEvent,14,3,1,608,0,com.tagtraum.perf.gcviewer.imp.DataReaderUnifiedJvmLogging,com.tagtraum.perf.gcviewer.imp.DataReaderUnifiedJvmLogging
imp,com.tagtraum.perf.gcviewer.imp,DataReaderUnifiedJvmLogging,enrichContext,11,2,2,622,0,,
imp,com.tagtraum.perf.gcviewer.imp,DataReaderSun1_2_2,DataReaderSun1_2_2,3,1,2,22,0,,
imp,com.tagtraum.perf.gcviewer.imp,DataReaderSun1_2_2,read,64,8,0,26,0,,
imp,com.tagtraum.perf.gcviewer.imp,DataReaderFactory,getDataReader,47,11,2,29,0,com.tagtraum.perf.gcviewer.imp.DataReaderFactory,com.tagtraum.perf.gcviewer.imp.DataReaderFactory
imp,com.tagtraum.perf.gcviewer.imp,DataReaderFactory,getChunkOfLastLine,11,2,1,97,0,,
imp,com.tagtraum.perf.gcviewer.imp,DataReaderFactory,getDataReaderBySample,96,43,3,109,0,com.tagtraum.perf.gcviewer.imp.DataReaderFactory,com.tagtraum.perf.gcviewer.imp.DataReaderFactory
imp,com.tagtraum.perf.gcviewer.imp,DataReaderFactory,getLogger,3,1,0,223,0,,
imp,com.tagtraum.perf.gcviewer.imp,DataReaderFactory,isGZipped,17,3,1,227,0,com.tagtraum.perf.gcviewer.imp.DataReaderFactory,com.tagtraum.perf.gcviewer.imp.DataReaderFactory
imp,com.tagtraum.perf.gcviewer.imp,DataReaderJRockit1_4_2,DataReaderJRockit1_4_2,3,1,2,24,0,,
imp,com.tagtraum.perf.gcviewer.imp,DataReaderJRockit1_4_2,read,105,27,0,28,0,com.tagtraum.perf.gcviewer.imp.DataReaderJRockit1_4_2,com.tagtraum.perf.gcviewer.imp.DataReaderJRockit1_4_2
imp,com.tagtraum.perf.gcviewer.imp,DataReaderJRockit1_4_2,skipSpaces,7,2,2,151,0,,
imp,com.tagtraum.perf.gcviewer.imp,DataReaderIBM1_4_2,DataReaderIBM1_4_2,3,1,2,35,0,,
imp,com.tagtraum.perf.gcviewer.imp,DataReaderIBM1_4_2,read,0,18,0,39,0,com.tagtraum.perf.gcviewer.imp.DataReaderIBM1_4_2,com.tagtraum.perf.gcviewer.imp.DataReaderIBM1_4_2
imp,com.tagtraum.perf.gcviewer.imp,DataReaderIBM1_4_2,parseGCCycleStart,10,1,1,126,0,,
imp,com.tagtraum.perf.gcviewer.imp,DataReaderIBM1_4_2,parseTimeSinceLastAF,5,1,1,137,0,,
imp,com.tagtraum.perf.gcviewer.imp,DataReaderIBM1_4_2,parsePreUsed,10,1,1,143,0,,
imp,com.tagtraum.perf.gcviewer.imp,DataReaderIBM1_4_2,parsePreUsedAFAction3,6,1,1,157,0,,
imp,com.tagtraum.perf.gcviewer.imp,DataReaderIBM1_4_2,parsePostUsed,6,1,1,165,0,,
imp,com.tagtraum.perf.gcviewer.imp,DataReaderIBM1_4_2,parseTotalAfterGC,5,1,1,173,0,,
imp,com.tagtraum.perf.gcviewer.imp,DataReaderIBM1_4_2,parseTotalAfterHeapExpansion,5,1,1,179,0,,
imp,com.tagtraum.perf.gcviewer.imp,DataReaderIBM1_4_2,parsePause,5,1,1,185,0,,
imp,com.tagtraum.perf.gcviewer.imp,DataReaderIBM_J9_5_0,DataReaderIBM_J9_5_0,4,1,2,40,0,,
imp,com.tagtraum.perf.gcviewer.imp,DataReaderIBM_J9_5_0,read,33,4,0,46,0,,
imp,com.tagtraum.perf.gcviewer.imp,DataReaderIBM1_3_0,DataReaderIBM1_3_0,3,1,2,23,0,,
imp,com.tagtraum.perf.gcviewer.imp,DataReaderIBM1_3_0,read,0,16,0,27,0,com.tagtraum.perf.gcviewer.imp.DataReaderIBM1_3_0,com.tagtraum.perf.gcviewer.imp.DataReaderIBM1_3_0
imp,com.tagtraum.perf.gcviewer.imp,DataReaderIBM1_3_0,parseTimeSinceLastAF,5,1,1,88,0,,
imp,com.tagtraum.perf.gcviewer.imp,DataReaderIBM1_3_0,parsePreUsed,11,1,1,94,0,,
imp,com.tagtraum.perf.gcviewer.imp,DataReaderIBM1_3_0,parsePostUsed,6,1,1,106,0,,
imp,com.tagtraum.perf.gcviewer.imp,DataReaderIBM1_3_0,parseTotalAfterGC,5,1,1,113,0,,
imp,com.tagtraum.perf.gcviewer.imp,DataReaderIBM1_3_0,parseTotalAfterHeapExpansion,5,1,1,119,0,,
imp,com.tagtraum.perf.gcviewer.imp,DataReaderIBM1_3_0,parsePause,5,1,1,125,0,,
imp,com.tagtraum.perf.gcviewer.imp,DataReaderGo,DataReaderGo,3,1,2,43,0,,
imp,com.tagtraum.perf.gcviewer.imp,DataReaderGo,read,29,7,0,47,0,com.tagtraum.perf.gcviewer.imp.DataReaderGo,com.tagtraum.perf.gcviewer.imp.DataReaderGo
imp,com.tagtraum.perf.gcviewer.imp,DataReaderGo,parseMatch,10,1,1,78,0,,
imp,com.tagtraum.perf.gcviewer.imp,DataReaderHPUX1_2,DataReaderHPUX1_2,3,1,2,24,0,,
imp,com.tagtraum.perf.gcviewer.imp,DataReaderHPUX1_2,read,69,9,0,28,0,com.tagtraum.perf.gcviewer.imp.DataReaderHPUX1_2,com.tagtraum.perf.gcviewer.imp.DataReaderHPUX1_2
imp,com.tagtraum.perf.gcviewer.imp,DataReaderHPUX1_2,findType,3,1,1,155,0,,
imp,com.tagtraum.perf.gcviewer.imp,UnknownGcTypeException,UnknownGcTypeException,3,1,3,13,0,,
imp,com.tagtraum.perf.gcviewer.imp,UnknownGcTypeException,UnknownGcTypeException,3,1,1,17,0,,
imp,com.tagtraum.perf.gcviewer.imp,UnknownGcTypeException,UnknownGcTypeException,3,1,2,21,0,,
imp,com.tagtraum.perf.gcviewer.imp,MonitoredBufferedInputStream,MonitoredBufferedInputStream,3,1,2,30,0,,
imp,com.tagtraum.perf.gcviewer.imp,MonitoredBufferedInputStream,MonitoredBufferedInputStream,6,1,3,34,0,,
imp,com.tagtraum.perf.gcviewer.imp,MonitoredBufferedInputStream,addPropertyChangeListener,3,1,1,42,0,,
imp,com.tagtraum.perf.gcviewer.imp,MonitoredBufferedInputStream,updateCounters,10,2,1,46,0,,
imp,com.tagtraum.perf.gcviewer.imp,MonitoredBufferedInputStream,read,5,1,0,59,0,com.tagtraum.perf.gcviewer.imp.MonitoredBufferedInputStream,com.tagtraum.perf.gcviewer.imp.MonitoredBufferedInputStream
imp,com.tagtraum.perf.gcviewer.imp,MonitoredBufferedInputStream,read,5,1,1,66,0,com.tagtraum.perf.gcviewer.imp.MonitoredBufferedInputStream,com.tagtraum.perf.gcviewer.imp.MonitoredBufferedInputStream
imp,com.tagtraum.perf.gcviewer.imp,MonitoredBufferedInputStream,read,5,1,3,73,0,com.tagtraum.perf.gcviewer.imp.MonitoredBufferedInputStream,com.tagtraum.perf.gcviewer.imp.MonitoredBufferedInputStream
imp,com.tagtraum.perf.gcviewer.imp,MonitoredBufferedInputStream,skip,5,1,1,80,0,com.tagtraum.perf.gcviewer.imp.MonitoredBufferedInputStream,com.tagtraum.perf.gcviewer.imp.MonitoredBufferedInputStream
imp,com.tagtraum.perf.gcviewer.imp,MonitoredBufferedInputStream,getBytesRead,3,1,0,87,0,,
imp,com.tagtraum.perf.gcviewer.imp,MonitoredBufferedInputStream,resetBytesRead,3,1,0,97,0,,
imp,com.tagtraum.perf.gcviewer.imp,MonitoredBufferedInputStream,getPercentageRead,7,2,0,104,0,com.tagtraum.perf.gcviewer.imp.MonitoredBufferedInputStream,com.tagtraum.perf.gcviewer.imp.MonitoredBufferedInputStream
imp,com.tagtraum.perf.gcviewer.imp,MonitoredBufferedInputStream,getContentLength,3,1,0,117,0,,
imp,com.tagtraum.perf.gcviewer.imp,DataReaderTools,DataReaderTools,3,1,1,20,0,,
imp,com.tagtraum.perf.gcviewer.imp,DataReaderTools,getMemoryInKiloByte,20,6,3,24,0,,
imp,com.tagtraum.perf.gcviewer.imp,DataReaderTools,parseType,7,2,1,53,0,com.tagtraum.perf.gcviewer.imp.DataReaderTools,com.tagtraum.perf.gcviewer.imp.DataReaderTools
imp,com.tagtraum.perf.gcviewer.imp,DataReaderTools,parseTypeWithCause,20,4,1,71,0,com.tagtraum.perf.gcviewer.imp.DataReaderTools,com.tagtraum.perf.gcviewer.imp.DataReaderTools
imp,com.tagtraum.perf.gcviewer.imp,DataReaderTools,getLookupTypeName,4,1,1,104,0,,
imp,com.tagtraum.perf.gcviewer.imp,DataReaderSun1_6_0G1,DataReaderSun1_6_0G1,3,1,3,175,0,,
imp,com.tagtraum.perf.gcviewer.imp,DataReaderSun1_6_0G1,read,160,33,0,179,0,com.tagtraum.perf.gcviewer.imp.DataReaderSun1_6_0G1,com.tagtraum.perf.gcviewer.imp.DataReaderSun1_6_0G1
imp,com.tagtraum.perf.gcviewer.imp,DataReaderSun1_6_0G1,hasIncompleteConcurrentEvent,3,1,2,375,0,,
imp,com.tagtraum.perf.gcviewer.imp,DataReaderSun1_6_0G1,isPrintTenuringDistribution,3,1,1,381,0,,
imp,com.tagtraum.perf.gcviewer.imp,DataReaderSun1_6_0G1,parseDetails,45,11,5,393,0,com.tagtraum.perf.gcviewer.imp.DataReaderSun1_6_0G1,com.tagtraum.perf.gcviewer.imp.DataReaderSun1_6_0G1
imp,com.tagtraum.perf.gcviewer.imp,DataReaderSun1_6_0G1,parseMemoryDetails,27,2,3,475,0,,
imp,com.tagtraum.perf.gcviewer.imp,DataReaderSun1_6_0G1,parseIncompleteConcurrentEvent,5,1,4,525,0,com.tagtraum.perf.gcviewer.imp.DataReaderSun1_6_0G1,com.tagtraum.perf.gcviewer.imp.DataReaderSun1_6_0G1
imp,com.tagtraum.perf.gcviewer.imp,DataReaderSun1_6_0G1,parseLine,38,4,2,545,0,com.tagtraum.perf.gcviewer.imp.DataReaderSun1_6_0G1,com.tagtraum.perf.gcviewer.imp.DataReaderSun1_6_0G1
imp,com.tagtraum.perf.gcviewer.imp,DataReaderSun1_6_0G1,parseConcurrentEvent,11,2,5,595,0,,
imp,com.tagtraum.perf.gcviewer.imp,DataReaderSun1_6_0G1,skipLinesRespectingConcurrentEvents,32,7,4,624,0,com.tagtraum.perf.gcviewer.imp.DataReaderSun1_6_0G1,com.tagtraum.perf.gcviewer.imp.DataReaderSun1_6_0G1
imp,com.tagtraum.perf.gcviewer.imp,DataReaderIBMi5OS1_4_2,DataReaderIBMi5OS1_4_2,3,1,2,28,0,,
imp,com.tagtraum.perf.gcviewer.imp,DataReaderIBMi5OS1_4_2,read,0,16,0,38,0,com.tagtraum.perf.gcviewer.imp.DataReaderIBMi5OS1_4_2,com.tagtraum.perf.gcviewer.imp.DataReaderIBMi5OS1_4_2
imp,com.tagtraum.perf.gcviewer.imp,DataReaderIBMi5OS1_4_2,parseGCCycleStart,10,1,1,138,0,,
imp,com.tagtraum.perf.gcviewer.imp,DataReaderIBMi5OS1_4_2,parseInitialHeap,5,1,1,157,0,,
imp,com.tagtraum.perf.gcviewer.imp,DataReaderIBMi5OS1_4_2,parseTotalAfterGC,5,1,1,170,0,,
imp,com.tagtraum.perf.gcviewer.imp,DataReaderIBMi5OS1_4_2,parseFreed,5,1,1,183,0,,
imp,com.tagtraum.perf.gcviewer.imp,DataReaderIBMi5OS1_4_2,parseCurrentCycle,5,1,1,195,0,,
imp,com.tagtraum.perf.gcviewer.imp,DataReaderIBMi5OS1_4_2,parsePreviousCycle,5,1,1,207,0,,
imp,com.tagtraum.perf.gcviewer.imp,DataReaderIBMi5OS1_4_2,parsePause,5,1,1,219,0,,
imp,com.tagtraum.perf.gcviewer.imp,DataReaderJRockit1_5_0,DataReaderJRockit1_5_0,3,1,2,25,0,,
imp,com.tagtraum.perf.gcviewer.imp,DataReaderJRockit1_5_0,read,131,39,0,29,0,com.tagtraum.perf.gcviewer.imp.DataReaderJRockit1_5_0,com.tagtraum.perf.gcviewer.imp.DataReaderJRockit1_5_0
imp,com.tagtraum.perf.gcviewer.imp,DataReaderJRockit1_5_0,skipSpaces,7,2,2,192,0,,
imp,com.tagtraum.perf.gcviewer.imp,DataReaderSun1_3_1,DataReaderSun1_3_1,3,1,3,28,0,,
imp,com.tagtraum.perf.gcviewer.imp,DataReaderSun1_3_1,read,42,11,0,32,0,com.tagtraum.perf.gcviewer.imp.DataReaderSun1_3_1,com.tagtraum.perf.gcviewer.imp.DataReaderSun1_3_1
imp,com.tagtraum.perf.gcviewer.imp,DataReaderSun1_3_1,parseLine,28,4,2,75,0,,
imp,com.tagtraum.perf.gcviewer.imp,AbstractDataReader,AbstractDataReader,5,1,2,28,0,,
imp,com.tagtraum.perf.gcviewer.imp,AbstractDataReader,getLogger,3,1,0,35,0,,
imp,com.tagtraum.perf.gcviewer.imp,AbstractDataReader,getDataReaderTools,6,2,0,48,0,com.tagtraum.perf.gcviewer.imp.AbstractDataReader,com.tagtraum.perf.gcviewer.imp.AbstractDataReader
imp,com.tagtraum.perf.gcviewer.imp,AbstractDataReader,read,0,1,0,56,0,,
imp,com.tagtraum.perf.gcviewer.imp,AbstractDataReader,shouldContinue,6,2,0,59,0,com.tagtraum.perf.gcviewer.imp.AbstractDataReader,com.tagtraum.perf.gcviewer.imp.AbstractDataReader
