Project Name,Package Name,Type Name,Method Name,Test Smell,Cause of the Smell
imp,com.tagtraum.perf.gcviewer.imp,TestDataReaderUJLShenandoah,parseAllocationFailure,Assertion roulette,The tool detected the smell in this test method because the test uses multiple assertion in the test. Total number of assertions in the test are: 13
imp,com.tagtraum.perf.gcviewer.imp,TestDataReaderUJLShenandoah,parsePassiveHeuristics,Assertion roulette,The tool detected the smell in this test method because the test uses multiple assertion in the test. Total number of assertions in the test are: 5
imp,com.tagtraum.perf.gcviewer.imp,TestDataReaderUJLShenandoah,parseSingleSystemGCEvent,Assertion roulette,The tool detected the smell in this test method because the test uses multiple assertion in the test. Total number of assertions in the test are: 12
imp,com.tagtraum.perf.gcviewer.imp,TestDataReaderUJLShenandoah,parseSeveralSystemGCEvents,Assertion roulette,The tool detected the smell in this test method because the test uses multiple assertion in the test. Total number of assertions in the test are: 11
imp,com.tagtraum.perf.gcviewer.imp,TestDataReaderUJLShenandoah,parseJdk11,Assertion roulette,The tool detected the smell in this test method because the test uses multiple assertion in the test. Total number of assertions in the test are: 5
imp,com.tagtraum.perf.gcviewer.imp,TestDataReaderUJLShenandoah,parseJdk17,Assertion roulette,The tool detected the smell in this test method because the test uses multiple assertion in the test. Total number of assertions in the test are: 5
imp,com.tagtraum.perf.gcviewer.imp,TestDataReaderUJLShenandoah,testConcurrentReset,Assertion roulette,The tool detected the smell in this test method because the test uses multiple assertion in the test. Total number of assertions in the test are: 5
imp,com.tagtraum.perf.gcviewer.imp,TestDataReaderUJLShenandoah,testPauseInitMark,Assertion roulette,The tool detected the smell in this test method because the test uses multiple assertion in the test. Total number of assertions in the test are: 7
imp,com.tagtraum.perf.gcviewer.imp,TestDataReaderUJLShenandoah,testConcurrentMarkingRoots,Assertion roulette,The tool detected the smell in this test method because the test uses multiple assertion in the test. Total number of assertions in the test are: 4
imp,com.tagtraum.perf.gcviewer.imp,TestDataReaderUJLShenandoah,testConcurrentMarking,Assertion roulette,The tool detected the smell in this test method because the test uses multiple assertion in the test. Total number of assertions in the test are: 4
imp,com.tagtraum.perf.gcviewer.imp,TestDataReaderUJLShenandoah,testConcurrentPrecleaning,Assertion roulette,The tool detected the smell in this test method because the test uses multiple assertion in the test. Total number of assertions in the test are: 4
imp,com.tagtraum.perf.gcviewer.imp,TestDataReaderUJLShenandoah,testPauseFinalMark,Assertion roulette,The tool detected the smell in this test method because the test uses multiple assertion in the test. Total number of assertions in the test are: 5
imp,com.tagtraum.perf.gcviewer.imp,TestDataReaderUJLShenandoah,testConcurrentThreadRoots,Assertion roulette,The tool detected the smell in this test method because the test uses multiple assertion in the test. Total number of assertions in the test are: 4
imp,com.tagtraum.perf.gcviewer.imp,TestDataReaderUJLShenandoah,testConcurrentWeakReferences,Assertion roulette,The tool detected the smell in this test method because the test uses multiple assertion in the test. Total number of assertions in the test are: 4
imp,com.tagtraum.perf.gcviewer.imp,TestDataReaderUJLShenandoah,testConcurrentWeakRoots,Assertion roulette,The tool detected the smell in this test method because the test uses multiple assertion in the test. Total number of assertions in the test are: 4
imp,com.tagtraum.perf.gcviewer.imp,TestDataReaderUJLShenandoah,testConcurrentCleanup,Assertion roulette,The tool detected the smell in this test method because the test uses multiple assertion in the test. Total number of assertions in the test are: 6
imp,com.tagtraum.perf.gcviewer.imp,TestDataReaderUJLShenandoah,testConcurrentClassUnloading,Assertion roulette,The tool detected the smell in this test method because the test uses multiple assertion in the test. Total number of assertions in the test are: 4
imp,com.tagtraum.perf.gcviewer.imp,TestDataReaderUJLShenandoah,testConcurrentStrongRoots,Assertion roulette,The tool detected the smell in this test method because the test uses multiple assertion in the test. Total number of assertions in the test are: 4
imp,com.tagtraum.perf.gcviewer.imp,TestDataReaderUJLShenandoah,testConcurrentEvacuation,Assertion roulette,The tool detected the smell in this test method because the test uses multiple assertion in the test. Total number of assertions in the test are: 4
imp,com.tagtraum.perf.gcviewer.imp,TestDataReaderUJLShenandoah,testPauseInitUpdateRefs,Assertion roulette,The tool detected the smell in this test method because the test uses multiple assertion in the test. Total number of assertions in the test are: 4
imp,com.tagtraum.perf.gcviewer.imp,TestDataReaderUJLShenandoah,testConcurrentUpdateRefs,Assertion roulette,The tool detected the smell in this test method because the test uses multiple assertion in the test. Total number of assertions in the test are: 5
imp,com.tagtraum.perf.gcviewer.imp,TestDataReaderUJLShenandoah,testConcurrentUpdateThreadRoots,Assertion roulette,The tool detected the smell in this test method because the test uses multiple assertion in the test. Total number of assertions in the test are: 4
imp,com.tagtraum.perf.gcviewer.imp,TestDataReaderUJLShenandoah,testPauseFinalUpdateRefs,Assertion roulette,The tool detected the smell in this test method because the test uses multiple assertion in the test. Total number of assertions in the test are: 4
imp,com.tagtraum.perf.gcviewer.imp,TestDataReaderUJLShenandoah,testPauseFinalRoots,Assertion roulette,The tool detected the smell in this test method because the test uses multiple assertion in the test. Total number of assertions in the test are: 5
imp,com.tagtraum.perf.gcviewer.imp,TestDataReaderUJLShenandoah,testConcurrentUncommit,Assertion roulette,The tool detected the smell in this test method because the test uses multiple assertion in the test. Total number of assertions in the test are: 4
imp,com.tagtraum.perf.gcviewer.imp,TestDataReaderUJLShenandoah,testPauseDegeneratedGc,Assertion roulette,The tool detected the smell in this test method because the test uses multiple assertion in the test. Total number of assertions in the test are: 6
imp,com.tagtraum.perf.gcviewer.imp,TestDataReaderUJLShenandoah,testParseFullGcWithPhases,Assertion roulette,The tool detected the smell in this test method because the test uses multiple assertion in the test. Total number of assertions in the test are: 5
imp,com.tagtraum.perf.gcviewer.imp,TestDataReaderJRockit1_6_0,testGcPrioPauseSingleParCon,Assertion roulette,The tool detected the smell in this test method because the test uses multiple assertion in the test. Total number of assertions in the test are: 8
imp,com.tagtraum.perf.gcviewer.imp,TestDataReaderJRockit1_6_0,testGcPrioPauseSingleParConVerbose,Assertion roulette,The tool detected the smell in this test method because the test uses multiple assertion in the test. Total number of assertions in the test are: 9
imp,com.tagtraum.perf.gcviewer.imp,TestDataReaderJRockit1_6_0,testGenParVerboseNursery,Assertion roulette,The tool detected the smell in this test method because the test uses multiple assertion in the test. Total number of assertions in the test are: 17
imp,com.tagtraum.perf.gcviewer.imp,TestDataReaderJRockit1_6_0,testMalformedType,Assertion roulette,The tool detected the smell in this test method because the test uses multiple assertion in the test. Total number of assertions in the test are: 2
imp,com.tagtraum.perf.gcviewer.imp,TestDataReaderJRockit1_6_0,testStandardLine,Assertion roulette,The tool detected the smell in this test method because the test uses multiple assertion in the test. Total number of assertions in the test are: 7
imp,com.tagtraum.perf.gcviewer.imp,TestDataReaderGo,test,Assertion roulette,The tool detected the smell in this test method because the test uses multiple assertion in the test. Total number of assertions in the test are: 7
imp,com.tagtraum.perf.gcviewer.imp,TestDataReaderGo,exampleLog,Assertion roulette,The tool detected the smell in this test method because the test uses multiple assertion in the test. Total number of assertions in the test are: 2
imp,com.tagtraum.perf.gcviewer.imp,TestDataReaderSun1_4_0,testAdaptiveSizePolicy,Assertion roulette,The tool detected the smell in this test method because the test uses multiple assertion in the test. Total number of assertions in the test are: 6
imp,com.tagtraum.perf.gcviewer.imp,TestDataReaderSun1_4_0,testParse1,Assertion roulette,The tool detected the smell in this test method because the test uses multiple assertion in the test. Total number of assertions in the test are: 9
imp,com.tagtraum.perf.gcviewer.imp,TestDataReaderSun1_4_0,testNoFullGC,Assertion roulette,The tool detected the smell in this test method because the test uses multiple assertion in the test. Total number of assertions in the test are: 8
imp,com.tagtraum.perf.gcviewer.imp,TestDataReaderSun1_4_0,testPrintGCDetails,Assertion roulette,The tool detected the smell in this test method because the test uses multiple assertion in the test. Total number of assertions in the test are: 6
imp,com.tagtraum.perf.gcviewer.imp,TestDataReaderSun1_4_0,testPrintHeapAtGC,Assertion roulette,The tool detected the smell in this test method because the test uses multiple assertion in the test. Total number of assertions in the test are: 4
imp,com.tagtraum.perf.gcviewer.imp,TestDataReaderSun1_8_0,parallelPrintHeapAtGC,Assertion roulette,The tool detected the smell in this test method because the test uses multiple assertion in the test. Total number of assertions in the test are: 2
imp,com.tagtraum.perf.gcviewer.imp,TestDataReaderSun1_8_0,scavengeBeforeRemarkPrintHeapAtGC_YGOccupancy,Assertion roulette,The tool detected the smell in this test method because the test uses multiple assertion in the test. Total number of assertions in the test are: 4
imp,com.tagtraum.perf.gcviewer.imp,TestDataReaderSun1_8_0,scavengeBeforeRemark_HeapAtGC_PrintTenuringDistribution_PrintFLSStats,Assertion roulette,The tool detected the smell in this test method because the test uses multiple assertion in the test. Total number of assertions in the test are: 4
imp,com.tagtraum.perf.gcviewer.imp,TestDataReaderSun1_8_0,parallelPrintTenuringGcCause,Assertion roulette,The tool detected the smell in this test method because the test uses multiple assertion in the test. Total number of assertions in the test are: 4
imp,com.tagtraum.perf.gcviewer.imp,TestDataReaderSun1_8_0,parallelApple,Assertion roulette,The tool detected the smell in this test method because the test uses multiple assertion in the test. Total number of assertions in the test are: 2
imp,com.tagtraum.perf.gcviewer.imp,TestDataReaderSun1_8_0,cmsPrintHeapBeforeFullGc,Assertion roulette,The tool detected the smell in this test method because the test uses multiple assertion in the test. Total number of assertions in the test are: 5
imp,com.tagtraum.perf.gcviewer.imp,TestDataReaderSun1_8_0,shenandoahPauseMark,Assertion roulette,The tool detected the smell in this test method because the test uses multiple assertion in the test. Total number of assertions in the test are: 8
imp,com.tagtraum.perf.gcviewer.imp,TestDataReaderSun1_8_0,shenandoahPauseUpdateRefs,Assertion roulette,The tool detected the smell in this test method because the test uses multiple assertion in the test. Total number of assertions in the test are: 6
imp,com.tagtraum.perf.gcviewer.imp,TestDataReaderSun1_8_0,shenandoahIgnoredLines,Assertion roulette,The tool detected the smell in this test method because the test uses multiple assertion in the test. Total number of assertions in the test are: 2
imp,com.tagtraum.perf.gcviewer.imp,TestDataReaderSun1_8_0,shenandoaPauseInitMarkDetails,Assertion roulette,The tool detected the smell in this test method because the test uses multiple assertion in the test. Total number of assertions in the test are: 3
imp,com.tagtraum.perf.gcviewer.imp,TestDataReaderSun1_8_0,shenandoahConcurrentCleanup,Assertion roulette,The tool detected the smell in this test method because the test uses multiple assertion in the test. Total number of assertions in the test are: 5
imp,com.tagtraum.perf.gcviewer.imp,TestDataReaderSun1_8_0,shenandoahDetailsShutdown,Assertion roulette,The tool detected the smell in this test method because the test uses multiple assertion in the test. Total number of assertions in the test are: 3
imp,com.tagtraum.perf.gcviewer.imp,TestDataReaderSun1_8_0,shenandoah_8u332,Assertion roulette,The tool detected the smell in this test method because the test uses multiple assertion in the test. Total number of assertions in the test are: 11
imp,com.tagtraum.perf.gcviewer.imp,TestDataReaderSun1_8_0,shenandoahConcurrentReset,Assertion roulette,The tool detected the smell in this test method because the test uses multiple assertion in the test. Total number of assertions in the test are: 5
imp,com.tagtraum.perf.gcviewer.imp,TestDataReaderSun1_8_0,shenandoahPauseInitMark,Assertion roulette,The tool detected the smell in this test method because the test uses multiple assertion in the test. Total number of assertions in the test are: 5
imp,com.tagtraum.perf.gcviewer.imp,TestDataReaderSun1_8_0,shenandoahConcurrentMarking,Assertion roulette,The tool detected the smell in this test method because the test uses multiple assertion in the test. Total number of assertions in the test are: 4
imp,com.tagtraum.perf.gcviewer.imp,TestDataReaderSun1_8_0,shenandoahConcurrentPrecleaning,Assertion roulette,The tool detected the smell in this test method because the test uses multiple assertion in the test. Total number of assertions in the test are: 4
imp,com.tagtraum.perf.gcviewer.imp,TestDataReaderSun1_8_0,shenandoahPauseFinalMark,Assertion roulette,The tool detected the smell in this test method because the test uses multiple assertion in the test. Total number of assertions in the test are: 5
imp,com.tagtraum.perf.gcviewer.imp,TestDataReaderSun1_8_0,shenandoahConcurrentCleanup_332,Assertion roulette,The tool detected the smell in this test method because the test uses multiple assertion in the test. Total number of assertions in the test are: 7
imp,com.tagtraum.perf.gcviewer.imp,TestDataReaderSun1_8_0,shenandoahConcurrentEvacuation,Assertion roulette,The tool detected the smell in this test method because the test uses multiple assertion in the test. Total number of assertions in the test are: 4
imp,com.tagtraum.perf.gcviewer.imp,TestDataReaderSun1_8_0,shenandoahPauseInitUpdateRefs,Assertion roulette,The tool detected the smell in this test method because the test uses multiple assertion in the test. Total number of assertions in the test are: 4
imp,com.tagtraum.perf.gcviewer.imp,TestDataReaderSun1_8_0,shenandoahConcurrentUpdateRefs,Assertion roulette,The tool detected the smell in this test method because the test uses multiple assertion in the test. Total number of assertions in the test are: 4
imp,com.tagtraum.perf.gcviewer.imp,TestDataReaderSun1_8_0,shenandoahPauseFinalUpdateRefs,Assertion roulette,The tool detected the smell in this test method because the test uses multiple assertion in the test. Total number of assertions in the test are: 4
imp,com.tagtraum.perf.gcviewer.imp,TestDataReaderSun1_8_0,shenandoahConcurrentUncommit,Assertion roulette,The tool detected the smell in this test method because the test uses multiple assertion in the test. Total number of assertions in the test are: 6
imp,com.tagtraum.perf.gcviewer.imp,TestDataReaderSun1_8_0,shenandoahPauseDegeneratedGc,Assertion roulette,The tool detected the smell in this test method because the test uses multiple assertion in the test. Total number of assertions in the test are: 7
imp,com.tagtraum.perf.gcviewer.imp,TestDataReaderSun1_8_0,serialPrintGCID,Assertion roulette,The tool detected the smell in this test method because the test uses multiple assertion in the test. Total number of assertions in the test are: 5
imp,com.tagtraum.perf.gcviewer.imp,TestDataReaderSun1_8_0,parallelPrintGCID,Assertion roulette,The tool detected the smell in this test method because the test uses multiple assertion in the test. Total number of assertions in the test are: 2
imp,com.tagtraum.perf.gcviewer.imp,TestDataReaderSun1_8_0,cmsPrintGCID,Assertion roulette,The tool detected the smell in this test method because the test uses multiple assertion in the test. Total number of assertions in the test are: 5
imp,com.tagtraum.perf.gcviewer.imp,TestDataReaderUJLG1JDK12,testG1ArchiveRegions,Assertion roulette,The tool detected the smell in this test method because the test uses multiple assertion in the test. Total number of assertions in the test are: 4
imp,com.tagtraum.perf.gcviewer.imp,TestDataReaderSun1_8_0G1,fullConcurrentCycle,Assertion roulette,The tool detected the smell in this test method because the test uses multiple assertion in the test. Total number of assertions in the test are: 5
imp,com.tagtraum.perf.gcviewer.imp,TestDataReaderSun1_8_0G1,fullGcWithDetailedSizes,Assertion roulette,The tool detected the smell in this test method because the test uses multiple assertion in the test. Total number of assertions in the test are: 6
imp,com.tagtraum.perf.gcviewer.imp,TestDataReaderSun1_8_0G1,printGCCauseTenuringDistribution,Assertion roulette,The tool detected the smell in this test method because the test uses multiple assertion in the test. Total number of assertions in the test are: 2
imp,com.tagtraum.perf.gcviewer.imp,TestDataReaderSun1_8_0G1,printHeapAtGC,Assertion roulette,The tool detected the smell in this test method because the test uses multiple assertion in the test. Total number of assertions in the test are: 2
imp,com.tagtraum.perf.gcviewer.imp,TestDataReaderSun1_8_0G1,humongousMixed,Assertion roulette,The tool detected the smell in this test method because the test uses multiple assertion in the test. Total number of assertions in the test are: 2
imp,com.tagtraum.perf.gcviewer.imp,TestDataReaderSun1_8_0G1,extendedRemark,Assertion roulette,The tool detected the smell in this test method because the test uses multiple assertion in the test. Total number of assertions in the test are: 3
imp,com.tagtraum.perf.gcviewer.imp,TestDataReaderSun1_8_0G1,youngInitialMarkSystemGc,Assertion roulette,The tool detected the smell in this test method because the test uses multiple assertion in the test. Total number of assertions in the test are: 4
imp,com.tagtraum.perf.gcviewer.imp,TestDataReaderSun1_8_0G1,youngInitialMarkMetadataThreshold,Assertion roulette,The tool detected the smell in this test method because the test uses multiple assertion in the test. Total number of assertions in the test are: 3
imp,com.tagtraum.perf.gcviewer.imp,TestDataReaderSun1_8_0G1,doubleTimeStamp,Assertion roulette,The tool detected the smell in this test method because the test uses multiple assertion in the test. Total number of assertions in the test are: 4
imp,com.tagtraum.perf.gcviewer.imp,TestDataReaderSun1_8_0G1,ignorePrintStringDeduplicationStatistics,Assertion roulette,The tool detected the smell in this test method because the test uses multiple assertion in the test. Total number of assertions in the test are: 3
imp,com.tagtraum.perf.gcviewer.imp,TestDataReaderSun1_8_0G1,printGCID,Assertion roulette,The tool detected the smell in this test method because the test uses multiple assertion in the test. Total number of assertions in the test are: 5
imp,com.tagtraum.perf.gcviewer.imp,TestDataReaderSun1_6_0,testPrintGCDateStamps,Assertion roulette,The tool detected the smell in this test method because the test uses multiple assertion in the test. Total number of assertions in the test are: 3
imp,com.tagtraum.perf.gcviewer.imp,TestDataReaderSun1_6_0,testCMSConcurrentModeFailureDate,Assertion roulette,The tool detected the smell in this test method because the test uses multiple assertion in the test. Total number of assertions in the test are: 2
imp,com.tagtraum.perf.gcviewer.imp,TestDataReaderSun1_6_0,testCMSConcurrentModeFailure,Assertion roulette,The tool detected the smell in this test method because the test uses multiple assertion in the test. Total number of assertions in the test are: 2
imp,com.tagtraum.perf.gcviewer.imp,TestDataReaderSun1_6_0,testCMSConcurrentModeFailureCmsAbortPreclean,Assertion roulette,The tool detected the smell in this test method because the test uses multiple assertion in the test. Total number of assertions in the test are: 2
imp,com.tagtraum.perf.gcviewer.imp,TestDataReaderSun1_6_0,testCMSFullGcCmsInterrupted,Assertion roulette,The tool detected the smell in this test method because the test uses multiple assertion in the test. Total number of assertions in the test are: 3
imp,com.tagtraum.perf.gcviewer.imp,TestDataReaderSun1_6_0,testCMSAbortingPrecleanTimestamp,Assertion roulette,The tool detected the smell in this test method because the test uses multiple assertion in the test. Total number of assertions in the test are: 2
imp,com.tagtraum.perf.gcviewer.imp,TestDataReaderSun1_6_0,testCMSAbortingPrecleanDatestamp,Assertion roulette,The tool detected the smell in this test method because the test uses multiple assertion in the test. Total number of assertions in the test are: 2
imp,com.tagtraum.perf.gcviewer.imp,TestDataReaderSun1_6_0,testFullGcIncrementalTimestamp,Assertion roulette,The tool detected the smell in this test method because the test uses multiple assertion in the test. Total number of assertions in the test are: 2
imp,com.tagtraum.perf.gcviewer.imp,TestDataReaderSun1_6_0,testFullGcIncrementalTimestamp2,Assertion roulette,The tool detected the smell in this test method because the test uses multiple assertion in the test. Total number of assertions in the test are: 2
imp,com.tagtraum.perf.gcviewer.imp,TestDataReaderSun1_6_0,testCmsRemarkDatestamp,Assertion roulette,The tool detected the smell in this test method because the test uses multiple assertion in the test. Total number of assertions in the test are: 2
imp,com.tagtraum.perf.gcviewer.imp,TestDataReaderSun1_6_0,testCmsRemarkTimestamp,Assertion roulette,The tool detected the smell in this test method because the test uses multiple assertion in the test. Total number of assertions in the test are: 2
imp,com.tagtraum.perf.gcviewer.imp,TestDataReaderSun1_6_0,testCmsRemarkSerial,Assertion roulette,The tool detected the smell in this test method because the test uses multiple assertion in the test. Total number of assertions in the test are: 2
imp,com.tagtraum.perf.gcviewer.imp,TestDataReaderSun1_6_0,testFullGcIncrementalDatestamp,Assertion roulette,The tool detected the smell in this test method because the test uses multiple assertion in the test. Total number of assertions in the test are: 2
imp,com.tagtraum.perf.gcviewer.imp,TestDataReaderSun1_6_0,testFullGcIncrementalDatestamp2,Assertion roulette,The tool detected the smell in this test method because the test uses multiple assertion in the test. Total number of assertions in the test are: 2
imp,com.tagtraum.perf.gcviewer.imp,TestDataReaderSun1_6_0,testMixedLineTimestamp,Assertion roulette,The tool detected the smell in this test method because the test uses multiple assertion in the test. Total number of assertions in the test are: 2
imp,com.tagtraum.perf.gcviewer.imp,TestDataReaderSun1_6_0,testFullGcSystem,Assertion roulette,The tool detected the smell in this test method because the test uses multiple assertion in the test. Total number of assertions in the test are: 2
imp,com.tagtraum.perf.gcviewer.imp,TestDataReaderSun1_6_0,testCmsConcurrentMarkStart,Assertion roulette,The tool detected the smell in this test method because the test uses multiple assertion in the test. Total number of assertions in the test are: 2
imp,com.tagtraum.perf.gcviewer.imp,TestDataReaderSun1_6_0,testCmsInitiatingOccupancyFraction,Assertion roulette,The tool detected the smell in this test method because the test uses multiple assertion in the test. Total number of assertions in the test are: 2
imp,com.tagtraum.perf.gcviewer.imp,TestDataReaderSun1_6_0,testMixedLineWithEmptyLine,Assertion roulette,The tool detected the smell in this test method because the test uses multiple assertion in the test. Total number of assertions in the test are: 3
imp,com.tagtraum.perf.gcviewer.imp,TestDataReaderSun1_6_0,testPrintTenuringDistribution,Assertion roulette,The tool detected the smell in this test method because the test uses multiple assertion in the test. Total number of assertions in the test are: 3
imp,com.tagtraum.perf.gcviewer.imp,TestDataReaderSun1_6_0,testPrintTenuringDistributionPromotionFailed,Assertion roulette,The tool detected the smell in this test method because the test uses multiple assertion in the test. Total number of assertions in the test are: 2
imp,com.tagtraum.perf.gcviewer.imp,TestDataReaderSun1_6_0,testPrintTenuringDistributionPromotionFailedConcurrentModeFailure,Assertion roulette,The tool detected the smell in this test method because the test uses multiple assertion in the test. Total number of assertions in the test are: 2
imp,com.tagtraum.perf.gcviewer.imp,TestDataReaderSun1_6_0,testLineMixesPrintTenuringDistribution,Assertion roulette,The tool detected the smell in this test method because the test uses multiple assertion in the test. Total number of assertions in the test are: 2
imp,com.tagtraum.perf.gcviewer.imp,TestDataReaderSun1_6_0,testCmsMemory,Assertion roulette,The tool detected the smell in this test method because the test uses multiple assertion in the test. Total number of assertions in the test are: 21
imp,com.tagtraum.perf.gcviewer.imp,TestDataReaderSun1_6_0,testPrintHeapAtGC,Assertion roulette,The tool detected the smell in this test method because the test uses multiple assertion in the test. Total number of assertions in the test are: 3
imp,com.tagtraum.perf.gcviewer.imp,TestDataReaderSun1_6_0,testAdaptiveSizePolicy,Assertion roulette,The tool detected the smell in this test method because the test uses multiple assertion in the test. Total number of assertions in the test are: 5
imp,com.tagtraum.perf.gcviewer.imp,TestDataReaderSun1_6_0,testAdaptiveSizePolicyFullSystemGc,Assertion roulette,The tool detected the smell in this test method because the test uses multiple assertion in the test. Total number of assertions in the test are: 3
imp,com.tagtraum.perf.gcviewer.imp,TestDataReaderSun1_6_0,testPrintWithoutUseAdaptiveSizePolicy,Assertion roulette,The tool detected the smell in this test method because the test uses multiple assertion in the test. Total number of assertions in the test are: 2
imp,com.tagtraum.perf.gcviewer.imp,TestDataReaderSun1_6_0,testCMSScavengeBeforeRemarkTimeStamp,Assertion roulette,The tool detected the smell in this test method because the test uses multiple assertion in the test. Total number of assertions in the test are: 5
imp,com.tagtraum.perf.gcviewer.imp,TestDataReaderSun1_6_0,testCMSScavengeBeforeRemarkDateStamp,Assertion roulette,The tool detected the smell in this test method because the test uses multiple assertion in the test. Total number of assertions in the test are: 5
imp,com.tagtraum.perf.gcviewer.imp,TestDataReaderSun1_6_0,testCMSScavengeBeforeRemarkWithPrintTenuringDistribution,Assertion roulette,The tool detected the smell in this test method because the test uses multiple assertion in the test. Total number of assertions in the test are: 5
imp,com.tagtraum.perf.gcviewer.imp,TestDataReaderSun1_6_0,testPSWithoutPrintTimeStamp,Assertion roulette,The tool detected the smell in this test method because the test uses multiple assertion in the test. Total number of assertions in the test are: 5
imp,com.tagtraum.perf.gcviewer.imp,TestDataReaderSun1_6_0,testCMSWithoutPrintTimeStamp,Assertion roulette,The tool detected the smell in this test method because the test uses multiple assertion in the test. Total number of assertions in the test are: 3
imp,com.tagtraum.perf.gcviewer.imp,TestDataReaderSun1_6_0,testCMSWithoutPrintTimeStampConcurrentModeFailure,Assertion roulette,The tool detected the smell in this test method because the test uses multiple assertion in the test. Total number of assertions in the test are: 3
imp,com.tagtraum.perf.gcviewer.imp,TestDataReaderSun1_6_0,testPSPrintTenuringDistribution,Assertion roulette,The tool detected the smell in this test method because the test uses multiple assertion in the test. Total number of assertions in the test are: 3
imp,com.tagtraum.perf.gcviewer.imp,TestDataReaderSun1_6_0,testCMSAdaptiveSizePolicy,Assertion roulette,The tool detected the smell in this test method because the test uses multiple assertion in the test. Total number of assertions in the test are: 4
imp,com.tagtraum.perf.gcviewer.imp,TestDataReaderSun1_6_0,testCMSAdaptiveSizePolicyPrintHeapAtGC,Assertion roulette,The tool detected the smell in this test method because the test uses multiple assertion in the test. Total number of assertions in the test are: 3
imp,com.tagtraum.perf.gcviewer.imp,TestDataReaderSun1_6_0,testPrintCmsStatisticsConcurrentMark,Assertion roulette,The tool detected the smell in this test method because the test uses multiple assertion in the test. Total number of assertions in the test are: 2
imp,com.tagtraum.perf.gcviewer.imp,TestDataReaderSun1_6_0,testPrintCmsStatisticsConcurrentPreclean,Assertion roulette,The tool detected the smell in this test method because the test uses multiple assertion in the test. Total number of assertions in the test are: 2
imp,com.tagtraum.perf.gcviewer.imp,TestDataReaderSun1_6_0,testPrintCmsStatisticsConcurrentModeFailure,Assertion roulette,The tool detected the smell in this test method because the test uses multiple assertion in the test. Total number of assertions in the test are: 3
imp,com.tagtraum.perf.gcviewer.imp,TestDataReaderSun1_6_0,testPrintCmsStatisticsRemark,Assertion roulette,The tool detected the smell in this test method because the test uses multiple assertion in the test. Total number of assertions in the test are: 2
imp,com.tagtraum.perf.gcviewer.imp,TestDataReaderSun1_6_0,testPrintCmsStatisticsScavengeBeforeRemark,Assertion roulette,The tool detected the smell in this test method because the test uses multiple assertion in the test. Total number of assertions in the test are: 3
imp,com.tagtraum.perf.gcviewer.imp,TestDataReaderSun1_6_0,testPrintCmsStatisticsParNewBeforeRemark,Assertion roulette,The tool detected the smell in this test method because the test uses multiple assertion in the test. Total number of assertions in the test are: 3
imp,com.tagtraum.perf.gcviewer.imp,TestDataReaderSun1_6_0,testPrintCmsStatisticsParNewBeforeRemark2,Assertion roulette,The tool detected the smell in this test method because the test uses multiple assertion in the test. Total number of assertions in the test are: 3
imp,com.tagtraum.perf.gcviewer.imp,TestDataReaderSun1_6_0,testCommaInTimestamp,Assertion roulette,The tool detected the smell in this test method because the test uses multiple assertion in the test. Total number of assertions in the test are: 3
imp,com.tagtraum.perf.gcviewer.imp,TestDataReaderSun1_6_0,testDerivedGenerationValues,Assertion roulette,The tool detected the smell in this test method because the test uses multiple assertion in the test. Total number of assertions in the test are: 5
imp,com.tagtraum.perf.gcviewer.imp,TestDataReaderSun1_6_0,testPrintTenuringDistributionOpenJdk6,Assertion roulette,The tool detected the smell in this test method because the test uses multiple assertion in the test. Total number of assertions in the test are: 3
imp,com.tagtraum.perf.gcviewer.imp,TestDataReaderSun1_6_0,testPromotionFailedWithReference,Assertion roulette,The tool detected the smell in this test method because the test uses multiple assertion in the test. Total number of assertions in the test are: 3
imp,com.tagtraum.perf.gcviewer.imp,TestDataReaderSun1_6_0,testCmsGcLocker,Assertion roulette,The tool detected the smell in this test method because the test uses multiple assertion in the test. Total number of assertions in the test are: 2
imp,com.tagtraum.perf.gcviewer.imp,TestDataReaderSun1_6_0,cmsConcurrentModeFailureWithComma,Assertion roulette,The tool detected the smell in this test method because the test uses multiple assertion in the test. Total number of assertions in the test are: 4
imp,com.tagtraum.perf.gcviewer.imp,TestDataReaderUJLCMS,parseGcDefaults,Assertion roulette,The tool detected the smell in this test method because the test uses multiple assertion in the test. Total number of assertions in the test are: 12
imp,com.tagtraum.perf.gcviewer.imp,TestDataReaderUJLCMS,parseGcAllSafepointOsCpu,Assertion roulette,The tool detected the smell in this test method because the test uses multiple assertion in the test. Total number of assertions in the test are: 9
imp,com.tagtraum.perf.gcviewer.imp,TestDataReaderUJLCMS,testParseFullGcWithPhases,Assertion roulette,The tool detected the smell in this test method because the test uses multiple assertion in the test. Total number of assertions in the test are: 6
imp,com.tagtraum.perf.gcviewer.imp,TestDataReaderIBM_J9_R28,testAfScavenge,Assertion roulette,The tool detected the smell in this test method because the test uses multiple assertion in the test. Total number of assertions in the test are: 15
imp,com.tagtraum.perf.gcviewer.imp,TestDataReaderIBM_J9_R28,testAfGlobal,Assertion roulette,The tool detected the smell in this test method because the test uses multiple assertion in the test. Total number of assertions in the test are: 4
imp,com.tagtraum.perf.gcviewer.imp,TestDataReaderIBM_J9_R28,testSysGlobal,Assertion roulette,The tool detected the smell in this test method because the test uses multiple assertion in the test. Total number of assertions in the test are: 4
imp,com.tagtraum.perf.gcviewer.imp,TestDataReaderIBM_J9_R28,testConcurrentMinimal,Assertion roulette,The tool detected the smell in this test method because the test uses multiple assertion in the test. Total number of assertions in the test are: 2
imp,com.tagtraum.perf.gcviewer.imp,TestDataReaderIBM_J9_R28,testConcurrentCollection,Assertion roulette,The tool detected the smell in this test method because the test uses multiple assertion in the test. Total number of assertions in the test are: 3
imp,com.tagtraum.perf.gcviewer.imp,TestDataReaderIBM_J9_R28,testConcurrentCollection,Ignored test,The tool detected the smell in this test method because the test is excluded from testing.
imp,com.tagtraum.perf.gcviewer.imp,TestDataReaderUJLParallel,parseGcDefaults,Assertion roulette,The tool detected the smell in this test method because the test uses multiple assertion in the test. Total number of assertions in the test are: 6
imp,com.tagtraum.perf.gcviewer.imp,TestDataReaderUJLParallel,parseGcAllSafepointOsCpu,Assertion roulette,The tool detected the smell in this test method because the test uses multiple assertion in the test. Total number of assertions in the test are: 8
imp,com.tagtraum.perf.gcviewer.imp,TestDataReaderUJLParallel,testParseFullGcWithPhases,Assertion roulette,The tool detected the smell in this test method because the test uses multiple assertion in the test. Total number of assertions in the test are: 6
imp,com.tagtraum.perf.gcviewer.imp,TestAbstractDataReaderSun,setMemorySimplePreUsed_heap_postUsed_heap,Assertion roulette,The tool detected the smell in this test method because the test uses multiple assertion in the test. Total number of assertions in the test are: 3
imp,com.tagtraum.perf.gcviewer.imp,TestAbstractDataReaderSun,setMemorySimplePreUsed_postUsed_heap,Assertion roulette,The tool detected the smell in this test method because the test uses multiple assertion in the test. Total number of assertions in the test are: 3
imp,com.tagtraum.perf.gcviewer.imp,TestAbstractDataReaderSun,setMemorySimplePreHeap_postHeap,Assertion roulette,The tool detected the smell in this test method because the test uses multiple assertion in the test. Total number of assertions in the test are: 2
imp,com.tagtraum.perf.gcviewer.imp,TestAbstractDataReaderSun,setExtendedMemoryFloatingPointPreEden_postEden,Assertion roulette,The tool detected the smell in this test method because the test uses multiple assertion in the test. Total number of assertions in the test are: 2
imp,com.tagtraum.perf.gcviewer.imp,TestDataReaderUJLG1JDK11,testDefaultsPauseYoungNormal,Assertion roulette,The tool detected the smell in this test method because the test uses multiple assertion in the test. Total number of assertions in the test are: 3
imp,com.tagtraum.perf.gcviewer.imp,TestDataReaderUJLG1JDK11,testDefaultsPauseYoungConcurrentStart,Assertion roulette,The tool detected the smell in this test method because the test uses multiple assertion in the test. Total number of assertions in the test are: 3
imp,com.tagtraum.perf.gcviewer.imp,TestDataReaderUJLG1JDK11,testDefaultsPauseYoungPrepareMixed,Assertion roulette,The tool detected the smell in this test method because the test uses multiple assertion in the test. Total number of assertions in the test are: 3
imp,com.tagtraum.perf.gcviewer.imp,TestDataReaderUJLG1JDK11,testDefaultsPauseYoungMixed,Assertion roulette,The tool detected the smell in this test method because the test uses multiple assertion in the test. Total number of assertions in the test are: 3
imp,com.tagtraum.perf.gcviewer.imp,TestDataReaderUJLG1JDK11,testFullGcWithPhases,Assertion roulette,The tool detected the smell in this test method because the test uses multiple assertion in the test. Total number of assertions in the test are: 5
imp,com.tagtraum.perf.gcviewer.imp,TestDataReaderUJLG1JDK11,testPauseYoungConcurrentStartMetadataGcThreshold,Assertion roulette,The tool detected the smell in this test method because the test uses multiple assertion in the test. Total number of assertions in the test are: 4
imp,com.tagtraum.perf.gcviewer.imp,TestDataReaderUJLG1JDK11,testTotalTimeForWhichApplicationThreadsWereStopped,Assertion roulette,The tool detected the smell in this test method because the test uses multiple assertion in the test. Total number of assertions in the test are: 4
imp,com.tagtraum.perf.gcviewer.imp,TestDataReaderUJLG1,parseGcDefaults,Assertion roulette,The tool detected the smell in this test method because the test uses multiple assertion in the test. Total number of assertions in the test are: 10
imp,com.tagtraum.perf.gcviewer.imp,TestDataReaderUJLG1,parseGcAllSafepointOsCpu,Assertion roulette,The tool detected the smell in this test method because the test uses multiple assertion in the test. Total number of assertions in the test are: 14
imp,com.tagtraum.perf.gcviewer.imp,TestDataReaderUJLG1,parseGcAllSafepointOsCpuWithToSpaceExhausted,Assertion roulette,The tool detected the smell in this test method because the test uses multiple assertion in the test. Total number of assertions in the test are: 2
imp,com.tagtraum.perf.gcviewer.imp,TestDataReaderUJLG1,testParseGcWithPhases,Assertion roulette,The tool detected the smell in this test method because the test uses multiple assertion in the test. Total number of assertions in the test are: 7
imp,com.tagtraum.perf.gcviewer.imp,TestDataReaderUJLSerialJdk17,testStandardEvent,Assertion roulette,The tool detected the smell in this test method because the test uses multiple assertion in the test. Total number of assertions in the test are: 5
imp,com.tagtraum.perf.gcviewer.imp,TestDataReaderJRockit1_5_0,testGcPrioPausetime,Assertion roulette,The tool detected the smell in this test method because the test uses multiple assertion in the test. Total number of assertions in the test are: 8
imp,com.tagtraum.perf.gcviewer.imp,TestDataReaderJRockit1_5_0,testGcPrioThroughput,Assertion roulette,The tool detected the smell in this test method because the test uses multiple assertion in the test. Total number of assertions in the test are: 7
imp,com.tagtraum.perf.gcviewer.imp,TestDataReaderJRockit1_5_0,testGenCon,Assertion roulette,The tool detected the smell in this test method because the test uses multiple assertion in the test. Total number of assertions in the test are: 7
imp,com.tagtraum.perf.gcviewer.imp,TestDataReaderJRockit1_5_0,testGenPar,Assertion roulette,The tool detected the smell in this test method because the test uses multiple assertion in the test. Total number of assertions in the test are: 2
imp,com.tagtraum.perf.gcviewer.imp,TestDataReaderJRockit1_5_0,testMalformedType,Assertion roulette,The tool detected the smell in this test method because the test uses multiple assertion in the test. Total number of assertions in the test are: 2
imp,com.tagtraum.perf.gcviewer.imp,TestDataReaderJRockit1_5_0,testSimpleOpts,Assertion roulette,The tool detected the smell in this test method because the test uses multiple assertion in the test. Total number of assertions in the test are: 7
imp,com.tagtraum.perf.gcviewer.imp,TestDataReaderIBM_J9_R27,testFullHeaderWithAfGcs,Assertion roulette,The tool detected the smell in this test method because the test uses multiple assertion in the test. Total number of assertions in the test are: 15
imp,com.tagtraum.perf.gcviewer.imp,TestDataReaderIBM_J9_R27,testSystemGc,Assertion roulette,The tool detected the smell in this test method because the test uses multiple assertion in the test. Total number of assertions in the test are: 3
imp,com.tagtraum.perf.gcviewer.imp,TestDataReaderUJLZGC,testGcAll,Assertion roulette,The tool detected the smell in this test method because the test uses multiple assertion in the test. Total number of assertions in the test are: 7
imp,com.tagtraum.perf.gcviewer.imp,TestDataReaderUJLZGC,testGcAllGarbageCollection,Missing assertion,The tool detected the smell in this test method because the test doesn't have any assertion.
imp,com.tagtraum.perf.gcviewer.imp,TestDataReaderUJLZGC,testGcAllPauseMarkStart,Missing assertion,The tool detected the smell in this test method because the test doesn't have any assertion.
imp,com.tagtraum.perf.gcviewer.imp,TestDataReaderUJLZGC,testGcAllConcurrentMark,Missing assertion,The tool detected the smell in this test method because the test doesn't have any assertion.
imp,com.tagtraum.perf.gcviewer.imp,TestDataReaderUJLZGC,testGcAllPauseMarkEnd,Missing assertion,The tool detected the smell in this test method because the test doesn't have any assertion.
imp,com.tagtraum.perf.gcviewer.imp,TestDataReaderUJLZGC,testGcAllConcurrentNonref,Missing assertion,The tool detected the smell in this test method because the test doesn't have any assertion.
imp,com.tagtraum.perf.gcviewer.imp,TestDataReaderUJLZGC,testGcAllConcurrentResetRelocSet,Missing assertion,The tool detected the smell in this test method because the test doesn't have any assertion.
imp,com.tagtraum.perf.gcviewer.imp,TestDataReaderUJLZGC,testGcAllConcurrentDetachedPages,Missing assertion,The tool detected the smell in this test method because the test doesn't have any assertion.
imp,com.tagtraum.perf.gcviewer.imp,TestDataReaderUJLZGC,testGcAllConcurrentSelectRelocSet,Missing assertion,The tool detected the smell in this test method because the test doesn't have any assertion.
imp,com.tagtraum.perf.gcviewer.imp,TestDataReaderUJLZGC,testGcAllConcurrentPrepareRelocSet,Missing assertion,The tool detected the smell in this test method because the test doesn't have any assertion.
imp,com.tagtraum.perf.gcviewer.imp,TestDataReaderUJLZGC,testGcAllPauseRelocateStart,Missing assertion,The tool detected the smell in this test method because the test doesn't have any assertion.
imp,com.tagtraum.perf.gcviewer.imp,TestDataReaderUJLZGC,testGcAllConcurrentRelocate,Missing assertion,The tool detected the smell in this test method because the test doesn't have any assertion.
imp,com.tagtraum.perf.gcviewer.imp,TestDataReaderUJLZGC,testGcDefault,Assertion roulette,The tool detected the smell in this test method because the test uses multiple assertion in the test. Total number of assertions in the test are: 4
imp,com.tagtraum.perf.gcviewer.imp,TestDataReaderUJLZGC,testGcDefaultMetadataGcThreshold,Missing assertion,The tool detected the smell in this test method because the test doesn't have any assertion.
imp,com.tagtraum.perf.gcviewer.imp,TestDataReaderUJLZGC,testGcDefaultWarmup,Missing assertion,The tool detected the smell in this test method because the test doesn't have any assertion.
imp,com.tagtraum.perf.gcviewer.imp,TestDataReaderUJLZGC,testGcDefaultProactive,Missing assertion,The tool detected the smell in this test method because the test doesn't have any assertion.
imp,com.tagtraum.perf.gcviewer.imp,TestDataReaderUJLZGC,testGcDefaultAllocationRate,Missing assertion,The tool detected the smell in this test method because the test doesn't have any assertion.
imp,com.tagtraum.perf.gcviewer.imp,TestDataReaderUJLZGC,testDefaultGcSystemGc,Missing assertion,The tool detected the smell in this test method because the test doesn't have any assertion.
imp,com.tagtraum.perf.gcviewer.imp,TestDataReaderUJLZGC,testGcOther,Assertion roulette,The tool detected the smell in this test method because the test uses multiple assertion in the test. Total number of assertions in the test are: 8
imp,com.tagtraum.perf.gcviewer.imp,TestDataReaderIBM_J9_R26,testFullHeaderWithAfGcs,Assertion roulette,The tool detected the smell in this test method because the test uses multiple assertion in the test. Total number of assertions in the test are: 3
imp,com.tagtraum.perf.gcviewer.imp,TestDataReaderIBM_J9_R26,testSystemGc,Assertion roulette,The tool detected the smell in this test method because the test uses multiple assertion in the test. Total number of assertions in the test are: 12
imp,com.tagtraum.perf.gcviewer.imp,TestDataReaderSun1_7_0G1,youngPause_u1,Assertion roulette,The tool detected the smell in this test method because the test uses multiple assertion in the test. Total number of assertions in the test are: 3
imp,com.tagtraum.perf.gcviewer.imp,TestDataReaderSun1_7_0G1,youngPause_u2,Assertion roulette,The tool detected the smell in this test method because the test uses multiple assertion in the test. Total number of assertions in the test are: 13
imp,com.tagtraum.perf.gcviewer.imp,TestDataReaderSun1_7_0G1,youngPauseDateStamp_u2,Assertion roulette,The tool detected the smell in this test method because the test uses multiple assertion in the test. Total number of assertions in the test are: 5
imp,com.tagtraum.perf.gcviewer.imp,TestDataReaderSun1_7_0G1,printAdaptiveSizePolicy,Assertion roulette,The tool detected the smell in this test method because the test uses multiple assertion in the test. Total number of assertions in the test are: 5
imp,com.tagtraum.perf.gcviewer.imp,TestDataReaderSun1_7_0G1,printGCCause,Assertion roulette,The tool detected the smell in this test method because the test uses multiple assertion in the test. Total number of assertions in the test are: 5
imp,com.tagtraum.perf.gcviewer.imp,TestDataReaderSun1_7_0G1,printGCCause2,Assertion roulette,The tool detected the smell in this test method because the test uses multiple assertion in the test. Total number of assertions in the test are: 3
imp,com.tagtraum.perf.gcviewer.imp,TestDataReaderSun1_7_0G1,testDetailedCollectionDatestampMixed1,Assertion roulette,The tool detected the smell in this test method because the test uses multiple assertion in the test. Total number of assertions in the test are: 4
imp,com.tagtraum.perf.gcviewer.imp,TestDataReaderSun1_7_0G1,testDetailedCollectionDatestampMixed2,Assertion roulette,The tool detected the smell in this test method because the test uses multiple assertion in the test. Total number of assertions in the test are: 6
imp,com.tagtraum.perf.gcviewer.imp,TestDataReaderSun1_7_0G1,testDetailedCollectionDatestampMixed3,Assertion roulette,The tool detected the smell in this test method because the test uses multiple assertion in the test. Total number of assertions in the test are: 5
imp,com.tagtraum.perf.gcviewer.imp,TestDataReaderSun1_7_0G1,applicationStoppedMixedLine,Assertion roulette,The tool detected the smell in this test method because the test uses multiple assertion in the test. Total number of assertions in the test are: 6
imp,com.tagtraum.perf.gcviewer.imp,TestDataReaderSun1_7_0G1,applicationTimeMixed,Assertion roulette,The tool detected the smell in this test method because the test uses multiple assertion in the test. Total number of assertions in the test are: 6
imp,com.tagtraum.perf.gcviewer.imp,TestDataReaderSun1_7_0G1,gcRemark,Assertion roulette,The tool detected the smell in this test method because the test uses multiple assertion in the test. Total number of assertions in the test are: 2
imp,com.tagtraum.perf.gcviewer.imp,TestDataReaderSun1_7_0G1,gcRemarkWithDateTimeStamp,Assertion roulette,The tool detected the smell in this test method because the test uses multiple assertion in the test. Total number of assertions in the test are: 2
imp,com.tagtraum.perf.gcviewer.imp,TestDataReaderSun1_7_0G1,printTenuringDistribution,Assertion roulette,The tool detected the smell in this test method because the test uses multiple assertion in the test. Total number of assertions in the test are: 3
imp,com.tagtraum.perf.gcviewer.imp,TestDataReaderSun1_7_0G1,printApplicationTimePrintTenuringDistribution,Assertion roulette,The tool detected the smell in this test method because the test uses multiple assertion in the test. Total number of assertions in the test are: 7
imp,com.tagtraum.perf.gcviewer.imp,TestDataReaderSun1_7_0G1,simpleLogCleanUpNoMemory,Assertion roulette,The tool detected the smell in this test method because the test uses multiple assertion in the test. Total number of assertions in the test are: 3
imp,com.tagtraum.perf.gcviewer.imp,TestDataReaderSun1_7_0G1,printHeapAtGcWithConcurrentEvents,Assertion roulette,The tool detected the smell in this test method because the test uses multiple assertion in the test. Total number of assertions in the test are: 6
imp,com.tagtraum.perf.gcviewer.imp,TestDataReaderSun1_7_0G1,printPrintHeapAtGC,Assertion roulette,The tool detected the smell in this test method because the test uses multiple assertion in the test. Total number of assertions in the test are: 4
imp,com.tagtraum.perf.gcviewer.imp,TestDataReaderSun1_7_0G1,printAdaptiveSizePolicyPrintReferencePolicy,Assertion roulette,The tool detected the smell in this test method because the test uses multiple assertion in the test. Total number of assertions in the test are: 8
imp,com.tagtraum.perf.gcviewer.imp,TestDataReaderSun1_7_0G1,printReferencePolicy,Assertion roulette,The tool detected the smell in this test method because the test uses multiple assertion in the test. Total number of assertions in the test are: 4
imp,com.tagtraum.perf.gcviewer.imp,TestDataReaderSun1_7_0G1,printDetailsWithoutTimestamp,Assertion roulette,The tool detected the smell in this test method because the test uses multiple assertion in the test. Total number of assertions in the test are: 4
imp,com.tagtraum.perf.gcviewer.imp,TestDataReaderSun1_7_0G1,printSimpleToSpaceOverflow,Assertion roulette,The tool detected the smell in this test method because the test uses multiple assertion in the test. Total number of assertions in the test are: 2
imp,com.tagtraum.perf.gcviewer.imp,TestDataReaderSun1_7_0G1,pauseWithComma,Assertion roulette,The tool detected the smell in this test method because the test uses multiple assertion in the test. Total number of assertions in the test are: 4
imp,com.tagtraum.perf.gcviewer.imp,TestDataReaderSun1_7_0G1,testYoungToSpaceOverflowInitialMarkOriginalOrder,Missing assertion,The tool detected the smell in this test method because the test doesn't have any assertion.
imp,com.tagtraum.perf.gcviewer.imp,TestDataReaderSun1_7_0G1,testYoungToSpaceOverflowInitialMarkReverseOrder,Missing assertion,The tool detected the smell in this test method because the test doesn't have any assertion.
imp,com.tagtraum.perf.gcviewer.imp,TestDataReaderSun1_7_0G1,printGCApplicationStoppedTimeTenuringDist,Assertion roulette,The tool detected the smell in this test method because the test uses multiple assertion in the test. Total number of assertions in the test are: 10
imp,com.tagtraum.perf.gcviewer.imp,TestDataReaderSun1_7_0G1,printGCApplicationStoppedTimeTenuringDistErgonomicsComma,Assertion roulette,The tool detected the smell in this test method because the test uses multiple assertion in the test. Total number of assertions in the test are: 8
imp,com.tagtraum.perf.gcviewer.imp,TestDataReaderSun1_7_0G1,printGCApplicationStoppedMixed,Assertion roulette,The tool detected the smell in this test method because the test uses multiple assertion in the test. Total number of assertions in the test are: 4
imp,com.tagtraum.perf.gcviewer.imp,TestDataReaderSun1_7_0G1,printAdaptiveSizePolicyFullGc,Assertion roulette,The tool detected the smell in this test method because the test uses multiple assertion in the test. Total number of assertions in the test are: 3
imp,com.tagtraum.perf.gcviewer.imp,TestDataReaderSun1_6_0G1,testG1GcVerbose,Assertion roulette,The tool detected the smell in this test method because the test uses multiple assertion in the test. Total number of assertions in the test are: 13
imp,com.tagtraum.perf.gcviewer.imp,TestDataReaderSun1_6_0G1,testSimpleEventDateStamp,Assertion roulette,The tool detected the smell in this test method because the test uses multiple assertion in the test. Total number of assertions in the test are: 3
imp,com.tagtraum.perf.gcviewer.imp,TestDataReaderSun1_6_0G1,testG1FullGcSystemGc,Assertion roulette,The tool detected the smell in this test method because the test uses multiple assertion in the test. Total number of assertions in the test are: 3
imp,com.tagtraum.perf.gcviewer.imp,TestDataReaderSun1_6_0G1,testG1MixedLine1,Assertion roulette,The tool detected the smell in this test method because the test uses multiple assertion in the test. Total number of assertions in the test are: 2
imp,com.tagtraum.perf.gcviewer.imp,TestDataReaderSun1_6_0G1,testG1MixedLine2,Assertion roulette,The tool detected the smell in this test method because the test uses multiple assertion in the test. Total number of assertions in the test are: 3
imp,com.tagtraum.perf.gcviewer.imp,TestDataReaderSun1_6_0G1,testDetailedYoungCollection,Assertion roulette,The tool detected the smell in this test method because the test uses multiple assertion in the test. Total number of assertions in the test are: 3
imp,com.tagtraum.perf.gcviewer.imp,TestDataReaderSun1_6_0G1,testDetailedCollectionMixed1,Assertion roulette,The tool detected the smell in this test method because the test uses multiple assertion in the test. Total number of assertions in the test are: 4
imp,com.tagtraum.perf.gcviewer.imp,TestDataReaderSun1_6_0G1,testDetailedCollectionMixed2,Assertion roulette,The tool detected the smell in this test method because the test uses multiple assertion in the test. Total number of assertions in the test are: 4
imp,com.tagtraum.perf.gcviewer.imp,TestDataReaderSun1_6_0G1,testDetailedCollectionMixed3,Assertion roulette,The tool detected the smell in this test method because the test uses multiple assertion in the test. Total number of assertions in the test are: 4
imp,com.tagtraum.perf.gcviewer.imp,TestDataReaderSun1_6_0G1,testFullGcMixed,Assertion roulette,The tool detected the smell in this test method because the test uses multiple assertion in the test. Total number of assertions in the test are: 3
imp,com.tagtraum.perf.gcviewer.imp,TestDataReaderSun1_6_0G1,testYoungToSpaceOverflow,Assertion roulette,The tool detected the smell in this test method because the test uses multiple assertion in the test. Total number of assertions in the test are: 5
imp,com.tagtraum.perf.gcviewer.imp,TestDataReaderSun1_6_0G1,testPartialToSpaceOverflow,Assertion roulette,The tool detected the smell in this test method because the test uses multiple assertion in the test. Total number of assertions in the test are: 5
imp,com.tagtraum.perf.gcviewer.imp,TestDataReaderSun1_6_0G1,testYoungToSpaceOverflowInitialMark,Assertion roulette,The tool detected the smell in this test method because the test uses multiple assertion in the test. Total number of assertions in the test are: 6
imp,com.tagtraum.perf.gcviewer.imp,TestDataReaderSun1_6_0G1,testPartialToSpaceOverflowInitialMark,Assertion roulette,The tool detected the smell in this test method because the test uses multiple assertion in the test. Total number of assertions in the test are: 6
imp,com.tagtraum.perf.gcviewer.imp,TestDataReaderSun1_6_0G1,testGcPattern,Assertion roulette,The tool detected the smell in this test method because the test uses multiple assertion in the test. Total number of assertions in the test are: 3
imp,com.tagtraum.perf.gcviewer.imp,TestDataReaderSun1_6_0G1,testGcPausePattern,Assertion roulette,The tool detected the smell in this test method because the test uses multiple assertion in the test. Total number of assertions in the test are: 2
imp,com.tagtraum.perf.gcviewer.imp,TestDataReaderSun1_6_0G1,testGcMemoryPausePattern,Assertion roulette,The tool detected the smell in this test method because the test uses multiple assertion in the test. Total number of assertions in the test are: 4
imp,com.tagtraum.perf.gcviewer.imp,TestDataReaderSun1_6_0G1,testInitialMark,Assertion roulette,The tool detected the smell in this test method because the test uses multiple assertion in the test. Total number of assertions in the test are: 4
imp,com.tagtraum.perf.gcviewer.imp,TestDataReaderSun1_6_0G1,initialMarkHeapAtGcMixed,Assertion roulette,The tool detected the smell in this test method because the test uses multiple assertion in the test. Total number of assertions in the test are: 5
imp,com.tagtraum.perf.gcviewer.imp,TestDataReaderSun1_6_0G1,testRemark,Assertion roulette,The tool detected the smell in this test method because the test uses multiple assertion in the test. Total number of assertions in the test are: 4
imp,com.tagtraum.perf.gcviewer.imp,TestDataReaderSun1_6_0G1,testPrintHeapAtGC,Assertion roulette,The tool detected the smell in this test method because the test uses multiple assertion in the test. Total number of assertions in the test are: 3
imp,com.tagtraum.perf.gcviewer.imp,TestDataReaderSun1_6_0G1,testMarkStackFull,Assertion roulette,The tool detected the smell in this test method because the test uses multiple assertion in the test. Total number of assertions in the test are: 4
imp,com.tagtraum.perf.gcviewer.imp,TestDataReaderSun1_6_0G1,printHeapAtGcPrintTenuringDistributionFullGc,Assertion roulette,The tool detected the smell in this test method because the test uses multiple assertion in the test. Total number of assertions in the test are: 4
imp,com.tagtraum.perf.gcviewer.imp,TestDataReaderSun1_3_1,testParse1,Assertion roulette,The tool detected the smell in this test method because the test uses multiple assertion in the test. Total number of assertions in the test are: 6
imp,com.tagtraum.perf.gcviewer.imp,TestDataReaderFacade,loadModelStringFileExistsNoWarnings,Assertion roulette,The tool detected the smell in this test method because the test uses multiple assertion in the test. Total number of assertions in the test are: 3
imp,com.tagtraum.perf.gcviewer.imp,TestDataReaderFacade,loadModelMalformedUrl,Assertion roulette,The tool detected the smell in this test method because the test uses multiple assertion in the test. Total number of assertions in the test are: 2
imp,com.tagtraum.perf.gcviewer.imp,TestDataReaderFacade,loadModelMalformedUrl,Exceptional handling,The tool detected the smell in this test method because the test uses try-catch block to assert/fail a check.
imp,com.tagtraum.perf.gcviewer.imp,TestDataReaderFacade,loadModelIllegalArgument,Assertion roulette,The tool detected the smell in this test method because the test uses multiple assertion in the test. Total number of assertions in the test are: 2
imp,com.tagtraum.perf.gcviewer.imp,TestDataReaderFacade,loadModelIllegalArgument,Exceptional handling,The tool detected the smell in this test method because the test uses try-catch block to assert/fail a check.
imp,com.tagtraum.perf.gcviewer.imp,TestDataReaderFacade,loadModelFileDoesntExists,Assertion roulette,The tool detected the smell in this test method because the test uses multiple assertion in the test. Total number of assertions in the test are: 3
imp,com.tagtraum.perf.gcviewer.imp,TestDataReaderFacade,loadModelFileDoesntExists,Exceptional handling,The tool detected the smell in this test method because the test uses try-catch block to assert/fail a check.
imp,com.tagtraum.perf.gcviewer.imp,TestDataReaderFactory,testIBMi5OS1_4_2,Missing assertion,The tool detected the smell in this test method because the test doesn't have any assertion.
imp,com.tagtraum.perf.gcviewer.imp,TestDataReaderFactory,testIBMJ9_5_0,Missing assertion,The tool detected the smell in this test method because the test doesn't have any assertion.
imp,com.tagtraum.perf.gcviewer.imp,TestDataReaderFactory,testIBMJ9_R26,Missing assertion,The tool detected the smell in this test method because the test doesn't have any assertion.
imp,com.tagtraum.perf.gcviewer.imp,TestDataReaderFactory,testIBMJ9_R27,Missing assertion,The tool detected the smell in this test method because the test doesn't have any assertion.
imp,com.tagtraum.perf.gcviewer.imp,TestDataReaderFactory,testJRockit1_4GcReportGenCon,Missing assertion,The tool detected the smell in this test method because the test doesn't have any assertion.
imp,com.tagtraum.perf.gcviewer.imp,TestDataReaderFactory,testJRockit1_4GcReportParallel,Missing assertion,The tool detected the smell in this test method because the test doesn't have any assertion.
imp,com.tagtraum.perf.gcviewer.imp,TestDataReaderFactory,testJRockit1_4GcReportPrioPauseTime,Missing assertion,The tool detected the smell in this test method because the test doesn't have any assertion.
imp,com.tagtraum.perf.gcviewer.imp,TestDataReaderFactory,testJRockit1_4GcReportPrioThroughput,Missing assertion,The tool detected the smell in this test method because the test doesn't have any assertion.
imp,com.tagtraum.perf.gcviewer.imp,TestDataReaderFactory,testJRockit1_4GcReportSingleCon,Missing assertion,The tool detected the smell in this test method because the test doesn't have any assertion.
imp,com.tagtraum.perf.gcviewer.imp,TestDataReaderFactory,testJRockit1_4GenCon,Missing assertion,The tool detected the smell in this test method because the test doesn't have any assertion.
imp,com.tagtraum.perf.gcviewer.imp,TestDataReaderFactory,testJRockit1_4GenConBig,Missing assertion,The tool detected the smell in this test method because the test doesn't have any assertion.
imp,com.tagtraum.perf.gcviewer.imp,TestDataReaderFactory,testJRockit1_4Parallel,Missing assertion,The tool detected the smell in this test method because the test doesn't have any assertion.
imp,com.tagtraum.perf.gcviewer.imp,TestDataReaderFactory,testJRockit1_4PrioPauseTime,Missing assertion,The tool detected the smell in this test method because the test doesn't have any assertion.
imp,com.tagtraum.perf.gcviewer.imp,TestDataReaderFactory,testJRockit1_5GenCon,Missing assertion,The tool detected the smell in this test method because the test doesn't have any assertion.
imp,com.tagtraum.perf.gcviewer.imp,TestDataReaderFactory,testJRockit1_5GenConMemStats,Missing assertion,The tool detected the smell in this test method because the test doesn't have any assertion.
imp,com.tagtraum.perf.gcviewer.imp,TestDataReaderFactory,testJRockit1_5GenPar,Missing assertion,The tool detected the smell in this test method because the test doesn't have any assertion.
imp,com.tagtraum.perf.gcviewer.imp,TestDataReaderFactory,testJRockit1_5PrioPausetime,Missing assertion,The tool detected the smell in this test method because the test doesn't have any assertion.
imp,com.tagtraum.perf.gcviewer.imp,TestDataReaderFactory,testJRockit1_5PrioThroughput,Missing assertion,The tool detected the smell in this test method because the test doesn't have any assertion.
imp,com.tagtraum.perf.gcviewer.imp,TestDataReaderFactory,testJRockit1_5SimpleOpts,Missing assertion,The tool detected the smell in this test method because the test doesn't have any assertion.
imp,com.tagtraum.perf.gcviewer.imp,TestDataReaderFactory,testJRockit1_6GenConVerbose,Missing assertion,The tool detected the smell in this test method because the test doesn't have any assertion.
imp,com.tagtraum.perf.gcviewer.imp,TestDataReaderFactory,testJRockit1_6GenParVerbose,Missing assertion,The tool detected the smell in this test method because the test doesn't have any assertion.
imp,com.tagtraum.perf.gcviewer.imp,TestDataReaderFactory,testJRockit1_6ParCon,Missing assertion,The tool detected the smell in this test method because the test doesn't have any assertion.
imp,com.tagtraum.perf.gcviewer.imp,TestDataReaderFactory,testJRockit1_6ParConVerbose,Missing assertion,The tool detected the smell in this test method because the test doesn't have any assertion.
imp,com.tagtraum.perf.gcviewer.imp,TestDataReaderFactory,testSun1_3_1,Missing assertion,The tool detected the smell in this test method because the test doesn't have any assertion.
imp,com.tagtraum.perf.gcviewer.imp,TestDataReaderFactory,testSun1_4_0,Missing assertion,The tool detected the smell in this test method because the test doesn't have any assertion.
imp,com.tagtraum.perf.gcviewer.imp,TestDataReaderFactory,testOpenJdk8DockerMemory512mCpus0_5,Missing assertion,The tool detected the smell in this test method because the test doesn't have any assertion.
imp,com.tagtraum.perf.gcviewer.imp,TestDataReaderFactory,testOpenJdk8DockerMemory2gCpus2,Missing assertion,The tool detected the smell in this test method because the test doesn't have any assertion.
imp,com.tagtraum.perf.gcviewer.imp,TestDataReaderFactory,testOracleG1J8,Missing assertion,The tool detected the smell in this test method because the test doesn't have any assertion.
imp,com.tagtraum.perf.gcviewer.imp,TestDataReaderFactory,testOracleG1J8ApplicationThreadsStopped,Missing assertion,The tool detected the smell in this test method because the test doesn't have any assertion.
imp,com.tagtraum.perf.gcviewer.imp,TestDataReaderFactory,testOracleG1J8_StringDeduplication,Missing assertion,The tool detected the smell in this test method because the test doesn't have any assertion.
imp,com.tagtraum.perf.gcviewer.imp,TestDataReaderFactory,testOracleShenandoahJ8Simple,Missing assertion,The tool detected the smell in this test method because the test doesn't have any assertion.
imp,com.tagtraum.perf.gcviewer.imp,TestDataReaderFactory,testOpenJdkJulRollover,Missing assertion,The tool detected the smell in this test method because the test doesn't have any assertion.
imp,com.tagtraum.perf.gcviewer.imp,TestDataReaderUJLG1JDK17,testG1MetaspacePreamble,Assertion roulette,The tool detected the smell in this test method because the test uses multiple assertion in the test. Total number of assertions in the test are: 2
imp,com.tagtraum.perf.gcviewer.imp,TestDataReaderUJLG1JDK17,testG1PauseYoungNormal,Assertion roulette,The tool detected the smell in this test method because the test uses multiple assertion in the test. Total number of assertions in the test are: 5
imp,com.tagtraum.perf.gcviewer.imp,TestDataReaderUJLG1JDK17,testG1FullConcurrentMarkCycle,Assertion roulette,The tool detected the smell in this test method because the test uses multiple assertion in the test. Total number of assertions in the test are: 7
imp,com.tagtraum.perf.gcviewer.imp,TestDataReaderUJLG1JDK17,testG1ConcurrentUndoCycle,Assertion roulette,The tool detected the smell in this test method because the test uses multiple assertion in the test. Total number of assertions in the test are: 4
imp,com.tagtraum.perf.gcviewer.imp,TestDataReaderSun1_5_0,testAdaptiveSizePolicy,Assertion roulette,The tool detected the smell in this test method because the test uses multiple assertion in the test. Total number of assertions in the test are: 6
imp,com.tagtraum.perf.gcviewer.imp,TestDataReaderSun1_5_0,testCMSPrintGCDetails,Assertion roulette,The tool detected the smell in this test method because the test uses multiple assertion in the test. Total number of assertions in the test are: 5
imp,com.tagtraum.perf.gcviewer.imp,TestDataReaderSun1_5_0,testParallelOldGC,Assertion roulette,The tool detected the smell in this test method because the test uses multiple assertion in the test. Total number of assertions in the test are: 2
imp,com.tagtraum.perf.gcviewer.imp,TestDataReaderSun1_5_0,testCMSIncrementalPacing,Assertion roulette,The tool detected the smell in this test method because the test uses multiple assertion in the test. Total number of assertions in the test are: 5
imp,com.tagtraum.perf.gcviewer.imp,TestDataReaderSun1_5_0,testPromotionFailure,Assertion roulette,The tool detected the smell in this test method because the test uses multiple assertion in the test. Total number of assertions in the test are: 3
imp,com.tagtraum.perf.gcviewer.imp,TestDataReaderSun1_5_0,testCMSConcurrentModeFailure,Assertion roulette,The tool detected the smell in this test method because the test uses multiple assertion in the test. Total number of assertions in the test are: 3
imp,com.tagtraum.perf.gcviewer.imp,TestDataReaderSun1_5_0,testCmsScavengeBeforeRemark,Assertion roulette,The tool detected the smell in this test method because the test uses multiple assertion in the test. Total number of assertions in the test are: 3
imp,com.tagtraum.perf.gcviewer.imp,TestDataReaderJRockit1_4_2,testParseGenCon,Assertion roulette,The tool detected the smell in this test method because the test uses multiple assertion in the test. Total number of assertions in the test are: 7
imp,com.tagtraum.perf.gcviewer.imp,TestDataReaderJRockit1_4_2,testParseGenConBig,Assertion roulette,The tool detected the smell in this test method because the test uses multiple assertion in the test. Total number of assertions in the test are: 7
imp,com.tagtraum.perf.gcviewer.imp,TestDataReaderJRockit1_4_2,testParseParallel,Assertion roulette,The tool detected the smell in this test method because the test uses multiple assertion in the test. Total number of assertions in the test are: 7
imp,com.tagtraum.perf.gcviewer.imp,TestDataReaderJRockit1_4_2,testParsePrioPauseTime,Assertion roulette,The tool detected the smell in this test method because the test uses multiple assertion in the test. Total number of assertions in the test are: 7
imp,com.tagtraum.perf.gcviewer.imp,TestDataReaderJRockit1_4_2,testParseTsGCReportGencon,Assertion roulette,The tool detected the smell in this test method because the test uses multiple assertion in the test. Total number of assertions in the test are: 7
imp,com.tagtraum.perf.gcviewer.imp,TestDataReaderJRockit1_4_2,testParseTsGCReportParallel,Assertion roulette,The tool detected the smell in this test method because the test uses multiple assertion in the test. Total number of assertions in the test are: 7
imp,com.tagtraum.perf.gcviewer.imp,TestDataReaderJRockit1_4_2,testParseTsGCReportPrioPauseTime,Assertion roulette,The tool detected the smell in this test method because the test uses multiple assertion in the test. Total number of assertions in the test are: 8
imp,com.tagtraum.perf.gcviewer.imp,TestDataReaderJRockit1_4_2,testParseTsGCReportPrioThroughput,Assertion roulette,The tool detected the smell in this test method because the test uses multiple assertion in the test. Total number of assertions in the test are: 7
imp,com.tagtraum.perf.gcviewer.imp,TestDataReaderJRockit1_4_2,testParseTsGCReportSinglecon,Assertion roulette,The tool detected the smell in this test method because the test uses multiple assertion in the test. Total number of assertions in the test are: 7
imp,com.tagtraum.perf.gcviewer.imp,TestDataReaderUJLSerial,parseGcDefaults,Assertion roulette,The tool detected the smell in this test method because the test uses multiple assertion in the test. Total number of assertions in the test are: 20
imp,com.tagtraum.perf.gcviewer.imp,TestDataReaderUJLSerial,parseGcAllSafepointOsCpu,Assertion roulette,The tool detected the smell in this test method because the test uses multiple assertion in the test. Total number of assertions in the test are: 18
imp,com.tagtraum.perf.gcviewer.imp,TestDataReaderUJLSerial,testParseUnknownLineFormat,Assertion roulette,The tool detected the smell in this test method because the test uses multiple assertion in the test. Total number of assertions in the test are: 4
imp,com.tagtraum.perf.gcviewer.imp,TestDataReaderUJLSerial,testParseUnknownGcType,Assertion roulette,The tool detected the smell in this test method because the test uses multiple assertion in the test. Total number of assertions in the test are: 2
imp,com.tagtraum.perf.gcviewer.imp,TestDataReaderUJLSerial,testParseFullGcWithPhases,Assertion roulette,The tool detected the smell in this test method because the test uses multiple assertion in the test. Total number of assertions in the test are: 6
imp,com.tagtraum.perf.gcviewer.imp,TestDataReaderSun1_2_2,testParse1,Assertion roulette,The tool detected the smell in this test method because the test uses multiple assertion in the test. Total number of assertions in the test are: 4
imp,com.tagtraum.perf.gcviewer.imp,TestDataReaderSun1_7_0,testPrintGCCause,Assertion roulette,The tool detected the smell in this test method because the test uses multiple assertion in the test. Total number of assertions in the test are: 4
imp,com.tagtraum.perf.gcviewer.imp,TestDataReaderSun1_7_0,testAdaptiveSizePolicyPrintGCCause,Assertion roulette,The tool detected the smell in this test method because the test uses multiple assertion in the test. Total number of assertions in the test are: 4
imp,com.tagtraum.perf.gcviewer.imp,TestDataReaderSun1_7_0,testPrintWithoutUseAdaptiveSizePolicy,Assertion roulette,The tool detected the smell in this test method because the test uses multiple assertion in the test. Total number of assertions in the test are: 2
imp,com.tagtraum.perf.gcviewer.imp,TestDataReaderSun1_7_0,testPrintWithoutUseAdaptiveSizePolicyFullGc,Assertion roulette,The tool detected the smell in this test method because the test uses multiple assertion in the test. Total number of assertions in the test are: 2
imp,com.tagtraum.perf.gcviewer.imp,TestDataReaderSun1_7_0,cmsRemarkWithTimestamps,Assertion roulette,The tool detected the smell in this test method because the test uses multiple assertion in the test. Total number of assertions in the test are: 3
imp,com.tagtraum.perf.gcviewer.imp,TestDataReaderSun1_7_0,cmsWithoutTimestamps,Assertion roulette,The tool detected the smell in this test method because the test uses multiple assertion in the test. Total number of assertions in the test are: 3
imp,com.tagtraum.perf.gcviewer.imp,TestDataReaderSun1_7_0,parallelPrintUseAdaptiveSizeReference,Assertion roulette,The tool detected the smell in this test method because the test uses multiple assertion in the test. Total number of assertions in the test are: 4
imp,com.tagtraum.perf.gcviewer.imp,TestDataReaderSun1_7_0,parallelAdaptiveReference,Assertion roulette,The tool detected the smell in this test method because the test uses multiple assertion in the test. Total number of assertions in the test are: 3
imp,com.tagtraum.perf.gcviewer.imp,TestDataReaderSun1_7_0,parallelReference,Assertion roulette,The tool detected the smell in this test method because the test uses multiple assertion in the test. Total number of assertions in the test are: 3
imp,com.tagtraum.perf.gcviewer.imp,TestDataReaderSun1_7_0,serialPrintReferenceGC,Assertion roulette,The tool detected the smell in this test method because the test uses multiple assertion in the test. Total number of assertions in the test are: 5
imp,com.tagtraum.perf.gcviewer.imp,TestDataReaderSun1_7_0,printCMSInitiationStatistics,Assertion roulette,The tool detected the smell in this test method because the test uses multiple assertion in the test. Total number of assertions in the test are: 6
imp,com.tagtraum.perf.gcviewer.imp,TestDataReaderSun1_7_0,printTenuringDistributionCMSInitiationStatistics,Assertion roulette,The tool detected the smell in this test method because the test uses multiple assertion in the test. Total number of assertions in the test are: 4
imp,com.tagtraum.perf.gcviewer.imp,TestDataReaderSun1_7_0,parallelPrintGCApplicationStoppedTime,Assertion roulette,The tool detected the smell in this test method because the test uses multiple assertion in the test. Total number of assertions in the test are: 9
imp,com.tagtraum.perf.gcviewer.imp,TestDataReaderSun1_7_0,parallelPrintTenuringGcCause,Assertion roulette,The tool detected the smell in this test method because the test uses multiple assertion in the test. Total number of assertions in the test are: 4
imp,com.tagtraum.perf.gcviewer.imp,TestDataReaderSun1_7_0,cmsPrintGCApplicationStopped,Assertion roulette,The tool detected the smell in this test method because the test uses multiple assertion in the test. Total number of assertions in the test are: 9
imp,com.tagtraum.perf.gcviewer.imp,TestDataReaderSun1_7_0,cmsPrintGCApplicationStoppedTimeTenuringDist,Assertion roulette,The tool detected the smell in this test method because the test uses multiple assertion in the test. Total number of assertions in the test are: 11
imp,com.tagtraum.perf.gcviewer.imp,TestDataReaderSun1_7_0,cmsPrintGCApplicationStoppedTimeWithoutTimestampsTenuringDist,Assertion roulette,The tool detected the smell in this test method because the test uses multiple assertion in the test. Total number of assertions in the test are: 6
imp,com.tagtraum.perf.gcviewer.imp,TestDataReaderSun1_7_0,cmsPrintFlsStatistics1,Assertion roulette,The tool detected the smell in this test method because the test uses multiple assertion in the test. Total number of assertions in the test are: 6
imp,com.tagtraum.perf.gcviewer.imp,TestDataReaderSun1_7_0,cmsPrintFlsStatistics2,Assertion roulette,The tool detected the smell in this test method because the test uses multiple assertion in the test. Total number of assertions in the test are: 9
imp,com.tagtraum.perf.gcviewer.imp,TestDataReaderSun1_7_0,cmsPrintFlsStatistics3,Assertion roulette,The tool detected the smell in this test method because the test uses multiple assertion in the test. Total number of assertions in the test are: 4
imp,com.tagtraum.perf.gcviewer.imp,TestDataReaderSun1_7_0,cmsPrintPromotionFailureTenuringDistribution,Assertion roulette,The tool detected the smell in this test method because the test uses multiple assertion in the test. Total number of assertions in the test are: 3
imp,com.tagtraum.perf.gcviewer.imp,TestDataReaderSun1_7_0,psAdaptiveSizePolicyTenuringDistributionApplicationStopped,Assertion roulette,The tool detected the smell in this test method because the test uses multiple assertion in the test. Total number of assertions in the test are: 3
imp,com.tagtraum.perf.gcviewer.imp,TestDataReaderIBMJ9_5_0,afTenuredGlobal,Assertion roulette,The tool detected the smell in this test method because the test uses multiple assertion in the test. Total number of assertions in the test are: 7
imp,com.tagtraum.perf.gcviewer.imp,TestDataReaderIBMJ9_5_0,afTenuredGlobal_20090417_AA,Assertion roulette,The tool detected the smell in this test method because the test uses multiple assertion in the test. Total number of assertions in the test are: 7
